src,dst
domain:example1.com,ip:192.0.2.8
domain:example2.com,ip:192.0.2.112
domain:example3.com,ip:192.0.2.152
domain:example4.com,ip:192.0.2.34
domain:example4.com,cert:sha1:000000000000000000000000000000000000004b
domain:example5.com,ip:192.0.2.35
domain:example5.com,cert:sha1:000000000000000000000000000000000000001d
domain:example6.com,ip:192.0.2.151
domain:example6.com,cert:sha1:000000000000000000000000000000000000001f
domain:example7.com,ip:192.0.2.145
domain:example8.com,ip:192.0.2.116
domain:example8.com,cert:sha1:0000000000000000000000000000000000000051
domain:example9.com,ip:192.0.2.60
domain:example10.com,ip:192.0.2.92
domain:example11.com,ip:192.0.2.17
domain:example12.com,ip:192.0.2.11
domain:example13.com,ip:192.0.2.178
domain:example13.com,cert:sha1:000000000000000000000000000000000000004f
domain:example14.com,ip:192.0.2.73
domain:example15.com,ip:192.0.2.78
domain:example16.com,ip:192.0.2.5
domain:example17.com,ip:192.0.2.168
domain:example17.com,cert:sha1:000000000000000000000000000000000000002d
domain:example18.com,ip:192.0.2.25
domain:example19.com,ip:192.0.2.29
domain:example20.com,ip:192.0.2.180
domain:example21.com,ip:192.0.2.86
domain:example22.com,ip:192.0.2.112
domain:example23.com,ip:192.0.2.9
domain:example24.com,ip:192.0.2.177
domain:example25.com,ip:192.0.2.8
domain:example26.com,ip:192.0.2.120
domain:example26.com,cert:sha1:0000000000000000000000000000000000000024
domain:example27.com,ip:192.0.2.102
domain:example28.com,ip:192.0.2.151
domain:example28.com,cert:sha1:0000000000000000000000000000000000000018
domain:example29.com,ip:192.0.2.20
domain:example30.com,ip:192.0.2.85
domain:example31.com,ip:192.0.2.64
domain:example32.com,ip:192.0.2.75
domain:example33.com,ip:192.0.2.140
domain:example34.com,ip:192.0.2.135
domain:example35.com,ip:192.0.2.86
domain:example36.com,ip:192.0.2.83
domain:example37.com,ip:192.0.2.126
domain:example38.com,ip:192.0.2.196
domain:example39.com,ip:192.0.2.180
domain:example40.com,ip:192.0.2.121
domain:example41.com,ip:192.0.2.16
domain:example42.com,ip:192.0.2.60
domain:example43.com,ip:192.0.2.28
domain:example44.com,ip:192.0.2.137
domain:example44.com,cert:sha1:0000000000000000000000000000000000000042
domain:example45.com,ip:192.0.2.172
domain:example46.com,ip:192.0.2.100
domain:example46.com,cert:sha1:0000000000000000000000000000000000000050
domain:example47.com,ip:192.0.2.177
domain:example48.com,ip:192.0.2.182
domain:example48.com,cert:sha1:0000000000000000000000000000000000000007
domain:example49.com,ip:192.0.2.175
domain:example49.com,cert:sha1:0000000000000000000000000000000000000052
domain:example50.com,ip:192.0.2.4
domain:example51.com,ip:192.0.2.136
domain:example52.com,ip:192.0.2.83
domain:example53.com,ip:192.0.2.51
domain:example54.com,ip:192.0.2.70
domain:example55.com,ip:192.0.2.153
domain:example56.com,ip:192.0.2.175
domain:example57.com,ip:192.0.2.168
domain:example58.com,ip:192.0.2.93
domain:example59.com,ip:192.0.2.43
domain:example60.com,ip:192.0.2.68
domain:example61.com,ip:192.0.2.102
domain:example62.com,ip:192.0.2.173
domain:example63.com,ip:192.0.2.23
domain:example64.com,ip:192.0.2.137
domain:example65.com,ip:192.0.2.116
domain:example66.com,ip:192.0.2.114
domain:example67.com,ip:192.0.2.159
domain:example67.com,cert:sha1:0000000000000000000000000000000000000027
domain:example68.com,ip:192.0.2.183
domain:example69.com,ip:192.0.2.122
domain:example70.com,ip:192.0.2.99
domain:example71.com,ip:192.0.2.71
domain:example72.com,ip:192.0.2.55
domain:example73.com,ip:192.0.2.30
domain:example74.com,ip:192.0.2.147
domain:example75.com,ip:192.0.2.60
domain:example76.com,ip:192.0.2.24
domain:example77.com,ip:192.0.2.8
domain:example78.com,ip:192.0.2.69
domain:example79.com,ip:192.0.2.178
domain:example80.com,ip:192.0.2.93
domain:example81.com,ip:192.0.2.189
domain:example82.com,ip:192.0.2.174
domain:example82.com,cert:sha1:0000000000000000000000000000000000000029
domain:example83.com,ip:192.0.2.52
domain:example84.com,ip:192.0.2.40
domain:example84.com,cert:sha1:000000000000000000000000000000000000005f
domain:example85.com,ip:192.0.2.150
domain:example85.com,cert:sha1:0000000000000000000000000000000000000064
domain:example86.com,ip:192.0.2.33
domain:example87.com,ip:192.0.2.62
domain:example87.com,cert:sha1:0000000000000000000000000000000000000059
domain:example88.com,ip:192.0.2.174
domain:example89.com,ip:192.0.2.97
domain:example90.com,ip:192.0.2.76
domain:example91.com,ip:192.0.2.155
domain:example92.com,ip:192.0.2.127
domain:example92.com,cert:sha1:0000000000000000000000000000000000000031
domain:example93.com,ip:192.0.2.84
domain:example94.com,ip:192.0.2.51
domain:example94.com,cert:sha1:0000000000000000000000000000000000000005
domain:example95.com,ip:192.0.2.100
domain:example96.com,ip:192.0.2.72
domain:example97.com,ip:192.0.2.143
domain:example98.com,ip:192.0.2.200
domain:example99.com,ip:192.0.2.178
domain:example100.com,ip:192.0.2.131
domain:example101.com,ip:192.0.2.124
domain:example102.com,ip:192.0.2.136
domain:example102.com,cert:sha1:0000000000000000000000000000000000000052
domain:example103.com,ip:192.0.2.178
domain:example104.com,ip:192.0.2.189
domain:example105.com,ip:192.0.2.71
domain:example106.com,ip:192.0.2.172
domain:example107.com,ip:192.0.2.19
domain:example108.com,ip:192.0.2.75
domain:example108.com,cert:sha1:000000000000000000000000000000000000005d
domain:example109.com,ip:192.0.2.125
domain:example110.com,ip:192.0.2.70
domain:example111.com,ip:192.0.2.102
domain:example112.com,ip:192.0.2.9
domain:example113.com,ip:192.0.2.144
domain:example114.com,ip:192.0.2.147
domain:example115.com,ip:192.0.2.32
domain:example116.com,ip:192.0.2.53
domain:example117.com,ip:192.0.2.80
domain:example117.com,cert:sha1:0000000000000000000000000000000000000012
domain:example118.com,ip:192.0.2.18
domain:example119.com,ip:192.0.2.132
domain:example120.com,ip:192.0.2.25
domain:example121.com,ip:192.0.2.147
domain:example122.com,ip:192.0.2.186
domain:example123.com,ip:192.0.2.163
domain:example124.com,ip:192.0.2.185
domain:example125.com,ip:192.0.2.126
domain:example126.com,ip:192.0.2.100
domain:example127.com,ip:192.0.2.175
domain:example128.com,ip:192.0.2.167
domain:example129.com,ip:192.0.2.60
domain:example130.com,ip:192.0.2.123
domain:example131.com,ip:192.0.2.22
domain:example131.com,cert:sha1:0000000000000000000000000000000000000017
domain:example132.com,ip:192.0.2.54
domain:example133.com,ip:192.0.2.1
domain:example133.com,cert:sha1:0000000000000000000000000000000000000064
domain:example134.com,ip:192.0.2.200
domain:example135.com,ip:192.0.2.51
domain:example135.com,cert:sha1:0000000000000000000000000000000000000046
domain:example136.com,ip:192.0.2.133
domain:example137.com,ip:192.0.2.41
domain:example138.com,ip:192.0.2.75
domain:example139.com,ip:192.0.2.111
domain:example140.com,ip:192.0.2.6
domain:example141.com,ip:192.0.2.148
domain:example142.com,ip:192.0.2.194
domain:example142.com,cert:sha1:0000000000000000000000000000000000000057
domain:example143.com,ip:192.0.2.148
domain:example143.com,cert:sha1:0000000000000000000000000000000000000059
domain:example144.com,ip:192.0.2.153
domain:example145.com,ip:192.0.2.121
domain:example146.com,ip:192.0.2.98
domain:example147.com,ip:192.0.2.72
domain:example148.com,ip:192.0.2.48
domain:example149.com,ip:192.0.2.41
domain:example149.com,cert:sha1:000000000000000000000000000000000000004e
domain:example150.com,ip:192.0.2.161
domain:example151.com,ip:192.0.2.97
domain:example152.com,ip:192.0.2.151
domain:example153.com,ip:192.0.2.21
domain:example154.com,ip:192.0.2.7
domain:example155.com,ip:192.0.2.139
domain:example156.com,ip:192.0.2.160
domain:example157.com,ip:192.0.2.64
domain:example158.com,ip:192.0.2.80
domain:example159.com,ip:192.0.2.74
domain:example160.com,ip:192.0.2.38
domain:example161.com,ip:192.0.2.168
domain:example162.com,ip:192.0.2.33
domain:example162.com,cert:sha1:000000000000000000000000000000000000005d
domain:example163.com,ip:192.0.2.31
domain:example164.com,ip:192.0.2.158
domain:example165.com,ip:192.0.2.71
domain:example166.com,ip:192.0.2.31
domain:example167.com,ip:192.0.2.151
domain:example168.com,ip:192.0.2.165
domain:example169.com,ip:192.0.2.57
domain:example169.com,cert:sha1:0000000000000000000000000000000000000051
domain:example170.com,ip:192.0.2.45
domain:example171.com,ip:192.0.2.84
domain:example172.com,ip:192.0.2.200
domain:example173.com,ip:192.0.2.122
domain:example174.com,ip:192.0.2.64
domain:example175.com,ip:192.0.2.153
domain:example175.com,cert:sha1:0000000000000000000000000000000000000013
domain:example176.com,ip:192.0.2.28
domain:example177.com,ip:192.0.2.132
domain:example177.com,cert:sha1:0000000000000000000000000000000000000048
domain:example178.com,ip:192.0.2.5
domain:example179.com,ip:192.0.2.133
domain:example180.com,ip:192.0.2.56
domain:example181.com,ip:192.0.2.33
domain:example181.com,cert:sha1:0000000000000000000000000000000000000002
domain:example182.com,ip:192.0.2.84
domain:example183.com,ip:192.0.2.77
domain:example184.com,ip:192.0.2.178
domain:example185.com,ip:192.0.2.101
domain:example186.com,ip:192.0.2.36
domain:example187.com,ip:192.0.2.146
domain:example188.com,ip:192.0.2.138
domain:example189.com,ip:192.0.2.198
domain:example190.com,ip:192.0.2.134
domain:example190.com,cert:sha1:000000000000000000000000000000000000001d
domain:example191.com,ip:192.0.2.189
domain:example192.com,ip:192.0.2.86
domain:example193.com,ip:192.0.2.199
domain:example194.com,ip:192.0.2.29
domain:example194.com,cert:sha1:0000000000000000000000000000000000000007
domain:example195.com,ip:192.0.2.184
domain:example196.com,ip:192.0.2.126
domain:example197.com,ip:192.0.2.156
domain:example198.com,ip:192.0.2.12
domain:example199.com,ip:192.0.2.42
domain:example200.com,ip:192.0.2.81
domain:example201.com,ip:192.0.2.123
domain:example202.com,ip:192.0.2.41
domain:example203.com,ip:192.0.2.181
domain:example204.com,ip:192.0.2.142
domain:example205.com,ip:192.0.2.121
domain:example206.com,ip:192.0.2.129
domain:example206.com,cert:sha1:000000000000000000000000000000000000002e
domain:example207.com,ip:192.0.2.26
domain:example208.com,ip:192.0.2.60
domain:example209.com,ip:192.0.2.104
domain:example210.com,ip:192.0.2.29
domain:example211.com,ip:192.0.2.30
domain:example212.com,ip:192.0.2.38
domain:example213.com,ip:192.0.2.24
domain:example214.com,ip:192.0.2.25
domain:example215.com,ip:192.0.2.15
domain:example216.com,ip:192.0.2.127
domain:example217.com,ip:192.0.2.109
domain:example218.com,ip:192.0.2.23
domain:example218.com,cert:sha1:0000000000000000000000000000000000000007
domain:example219.com,ip:192.0.2.164
domain:example220.com,ip:192.0.2.88
domain:example221.com,ip:192.0.2.42
domain:example222.com,ip:192.0.2.43
domain:example222.com,cert:sha1:000000000000000000000000000000000000000c
domain:example223.com,ip:192.0.2.195
domain:example224.com,ip:192.0.2.96
domain:example225.com,ip:192.0.2.95
domain:example226.com,ip:192.0.2.36
domain:example227.com,ip:192.0.2.51
domain:example227.com,cert:sha1:0000000000000000000000000000000000000021
domain:example228.com,ip:192.0.2.183
domain:example229.com,ip:192.0.2.181
domain:example230.com,ip:192.0.2.71
domain:example231.com,ip:192.0.2.158
domain:example232.com,ip:192.0.2.53
domain:example233.com,ip:192.0.2.155
domain:example233.com,cert:sha1:000000000000000000000000000000000000004f
domain:example234.com,ip:192.0.2.83
domain:example235.com,ip:192.0.2.69
domain:example236.com,ip:192.0.2.128
domain:example237.com,ip:192.0.2.188
domain:example238.com,ip:192.0.2.51
domain:example238.com,cert:sha1:000000000000000000000000000000000000001b
domain:example239.com,ip:192.0.2.54
domain:example240.com,ip:192.0.2.16
domain:example241.com,ip:192.0.2.70
domain:example242.com,ip:192.0.2.104
domain:example243.com,ip:192.0.2.77
domain:example244.com,ip:192.0.2.137
domain:example245.com,ip:192.0.2.86
domain:example246.com,ip:192.0.2.197
domain:example247.com,ip:192.0.2.15
domain:example248.com,ip:192.0.2.182
domain:example249.com,ip:192.0.2.34
domain:example249.com,cert:sha1:0000000000000000000000000000000000000009
domain:example250.com,ip:192.0.2.146
domain:example251.com,ip:192.0.2.166
domain:example252.com,ip:192.0.2.72
domain:example253.com,ip:192.0.2.163
domain:example253.com,cert:sha1:0000000000000000000000000000000000000005
domain:example254.com,ip:192.0.2.61
domain:example255.com,ip:192.0.2.190
domain:example256.com,ip:192.0.2.107
domain:example256.com,cert:sha1:000000000000000000000000000000000000001e
domain:example257.com,ip:192.0.2.20
domain:example258.com,ip:192.0.2.154
domain:example259.com,ip:192.0.2.39
domain:example260.com,ip:192.0.2.142
domain:example261.com,ip:192.0.2.146
domain:example261.com,cert:sha1:0000000000000000000000000000000000000023
domain:example262.com,ip:192.0.2.59
domain:example262.com,cert:sha1:000000000000000000000000000000000000002a
domain:example263.com,ip:192.0.2.185
domain:example264.com,ip:192.0.2.13
domain:example265.com,ip:192.0.2.40
domain:example265.com,cert:sha1:0000000000000000000000000000000000000049
domain:example266.com,ip:192.0.2.3
domain:example267.com,ip:192.0.2.49
domain:example268.com,ip:192.0.2.115
domain:example269.com,ip:192.0.2.87
domain:example270.com,ip:192.0.2.57
domain:example271.com,ip:192.0.2.158
domain:example272.com,ip:192.0.2.54
domain:example273.com,ip:192.0.2.4
domain:example274.com,ip:192.0.2.113
domain:example275.com,ip:192.0.2.77
domain:example276.com,ip:192.0.2.124
domain:example276.com,cert:sha1:000000000000000000000000000000000000001d
domain:example277.com,ip:192.0.2.93
domain:example278.com,ip:192.0.2.5
domain:example278.com,cert:sha1:0000000000000000000000000000000000000016
domain:example279.com,ip:192.0.2.136
domain:example280.com,ip:192.0.2.91
domain:example281.com,ip:192.0.2.17
domain:example281.com,cert:sha1:000000000000000000000000000000000000003f
domain:example282.com,ip:192.0.2.12
domain:example283.com,ip:192.0.2.196
domain:example284.com,ip:192.0.2.200
domain:example284.com,cert:sha1:000000000000000000000000000000000000002d
domain:example285.com,ip:192.0.2.194
domain:example286.com,ip:192.0.2.15
domain:example286.com,cert:sha1:0000000000000000000000000000000000000059
domain:example287.com,ip:192.0.2.151
domain:example288.com,ip:192.0.2.125
domain:example289.com,ip:192.0.2.14
domain:example290.com,ip:192.0.2.8
domain:example291.com,ip:192.0.2.161
domain:example292.com,ip:192.0.2.88
domain:example292.com,cert:sha1:000000000000000000000000000000000000004b
domain:example293.com,ip:192.0.2.170
domain:example294.com,ip:192.0.2.2
domain:example294.com,cert:sha1:0000000000000000000000000000000000000042
domain:example295.com,ip:192.0.2.80
domain:example296.com,ip:192.0.2.101
domain:example297.com,ip:192.0.2.14
domain:example298.com,ip:192.0.2.180
domain:example299.com,ip:192.0.2.34
domain:example300.com,ip:192.0.2.2
hash:sha256:0000000000000000000000000000000000000000000000000000000000000001,domain:example291.com
hash:sha256:0000000000000000000000000000000000000000000000000000000000000002,domain:example99.com
hash:sha256:0000000000000000000000000000000000000000000000000000000000000003,domain:example266.com
hash:sha256:0000000000000000000000000000000000000000000000000000000000000004,domain:example21.com
hash:sha256:0000000000000000000000000000000000000000000000000000000000000005,domain:example170.com
hash:sha256:0000000000000000000000000000000000000000000000000000000000000006,domain:example75.com
hash:sha256:0000000000000000000000000000000000000000000000000000000000000007,domain:example274.com
hash:sha256:0000000000000000000000000000000000000000000000000000000000000008,domain:example171.com
hash:sha256:0000000000000000000000000000000000000000000000000000000000000009,domain:example150.com
hash:sha256:000000000000000000000000000000000000000000000000000000000000000a,domain:example242.com
hash:sha256:000000000000000000000000000000000000000000000000000000000000000b,domain:example161.com
hash:sha256:000000000000000000000000000000000000000000000000000000000000000c,domain:example216.com
hash:sha256:000000000000000000000000000000000000000000000000000000000000000d,domain:example187.com
hash:sha256:000000000000000000000000000000000000000000000000000000000000000e,domain:example155.com
hash:sha256:000000000000000000000000000000000000000000000000000000000000000f,domain:example137.com
hash:sha256:0000000000000000000000000000000000000000000000000000000000000010,domain:example44.com
hash:sha256:0000000000000000000000000000000000000000000000000000000000000011,domain:example166.com
hash:sha256:0000000000000000000000000000000000000000000000000000000000000012,domain:example88.com
hash:sha256:0000000000000000000000000000000000000000000000000000000000000013,domain:example118.com
hash:sha256:0000000000000000000000000000000000000000000000000000000000000014,domain:example13.com
hash:sha256:0000000000000000000000000000000000000000000000000000000000000015,domain:example258.com
hash:sha256:0000000000000000000000000000000000000000000000000000000000000016,domain:example72.com
hash:sha256:0000000000000000000000000000000000000000000000000000000000000017,domain:example161.com
hash:sha256:0000000000000000000000000000000000000000000000000000000000000018,domain:example6.com
hash:sha256:0000000000000000000000000000000000000000000000000000000000000019,domain:example281.com
hash:sha256:000000000000000000000000000000000000000000000000000000000000001a,domain:example168.com
hash:sha256:000000000000000000000000000000000000000000000000000000000000001b,domain:example29.com
hash:sha256:000000000000000000000000000000000000000000000000000000000000001c,domain:example1.com
hash:sha256:000000000000000000000000000000000000000000000000000000000000001d,domain:example169.com
hash:sha256:000000000000000000000000000000000000000000000000000000000000001e,domain:example286.com
hash:sha256:000000000000000000000000000000000000000000000000000000000000001f,domain:example44.com
hash:sha256:0000000000000000000000000000000000000000000000000000000000000020,domain:example274.com
hash:sha256:0000000000000000000000000000000000000000000000000000000000000021,domain:example277.com
hash:sha256:0000000000000000000000000000000000000000000000000000000000000022,domain:example45.com
hash:sha256:0000000000000000000000000000000000000000000000000000000000000023,domain:example262.com
hash:sha256:0000000000000000000000000000000000000000000000000000000000000024,domain:example89.com
hash:sha256:0000000000000000000000000000000000000000000000000000000000000025,domain:example209.com
hash:sha256:0000000000000000000000000000000000000000000000000000000000000026,domain:example95.com
hash:sha256:0000000000000000000000000000000000000000000000000000000000000027,domain:example38.com
hash:sha256:0000000000000000000000000000000000000000000000000000000000000028,domain:example208.com
hash:sha256:0000000000000000000000000000000000000000000000000000000000000029,domain:example129.com
hash:sha256:000000000000000000000000000000000000000000000000000000000000002a,domain:example168.com
hash:sha256:000000000000000000000000000000000000000000000000000000000000002b,domain:example134.com
hash:sha256:000000000000000000000000000000000000000000000000000000000000002c,domain:example180.com
hash:sha256:000000000000000000000000000000000000000000000000000000000000002d,domain:example5.com
hash:sha256:000000000000000000000000000000000000000000000000000000000000002e,domain:example244.com
hash:sha256:000000000000000000000000000000000000000000000000000000000000002f,domain:example161.com
hash:sha256:0000000000000000000000000000000000000000000000000000000000000030,domain:example88.com
hash:sha256:0000000000000000000000000000000000000000000000000000000000000031,domain:example19.com
hash:sha256:0000000000000000000000000000000000000000000000000000000000000032,domain:example290.com
hash:sha256:0000000000000000000000000000000000000000000000000000000000000033,domain:example209.com
hash:sha256:0000000000000000000000000000000000000000000000000000000000000034,domain:example5.com
hash:sha256:0000000000000000000000000000000000000000000000000000000000000035,domain:example111.com
hash:sha256:0000000000000000000000000000000000000000000000000000000000000036,domain:example266.com
hash:sha256:0000000000000000000000000000000000000000000000000000000000000037,domain:example130.com
hash:sha256:0000000000000000000000000000000000000000000000000000000000000038,domain:example238.com
hash:sha256:0000000000000000000000000000000000000000000000000000000000000039,domain:example236.com
hash:sha256:000000000000000000000000000000000000000000000000000000000000003a,domain:example28.com
hash:sha256:000000000000000000000000000000000000000000000000000000000000003b,domain:example265.com
hash:sha256:000000000000000000000000000000000000000000000000000000000000003c,domain:example155.com
hash:sha256:000000000000000000000000000000000000000000000000000000000000003d,domain:example79.com
hash:sha256:000000000000000000000000000000000000000000000000000000000000003e,domain:example20.com
hash:sha256:000000000000000000000000000000000000000000000000000000000000003f,domain:example188.com
hash:sha256:0000000000000000000000000000000000000000000000000000000000000040,domain:example183.com
hash:sha256:0000000000000000000000000000000000000000000000000000000000000041,domain:example87.com
hash:sha256:0000000000000000000000000000000000000000000000000000000000000042,domain:example85.com
hash:sha256:0000000000000000000000000000000000000000000000000000000000000043,domain:example240.com
hash:sha256:0000000000000000000000000000000000000000000000000000000000000044,domain:example111.com
hash:sha256:0000000000000000000000000000000000000000000000000000000000000045,domain:example12.com
hash:sha256:0000000000000000000000000000000000000000000000000000000000000046,domain:example125.com
hash:sha256:0000000000000000000000000000000000000000000000000000000000000047,domain:example258.com
hash:sha256:0000000000000000000000000000000000000000000000000000000000000048,domain:example265.com
hash:sha256:0000000000000000000000000000000000000000000000000000000000000049,domain:example155.com
hash:sha256:000000000000000000000000000000000000000000000000000000000000004a,domain:example6.com
hash:sha256:000000000000000000000000000000000000000000000000000000000000004b,domain:example297.com
hash:sha256:000000000000000000000000000000000000000000000000000000000000004c,domain:example209.com
hash:sha256:000000000000000000000000000000000000000000000000000000000000004d,domain:example52.com
hash:sha256:000000000000000000000000000000000000000000000000000000000000004e,domain:example13.com
hash:sha256:000000000000000000000000000000000000000000000000000000000000004f,domain:example234.com
hash:sha256:0000000000000000000000000000000000000000000000000000000000000050,domain:example244.com
hash:sha256:0000000000000000000000000000000000000000000000000000000000000051,domain:example60.com
hash:sha256:0000000000000000000000000000000000000000000000000000000000000052,domain:example164.com
hash:sha256:0000000000000000000000000000000000000000000000000000000000000053,domain:example278.com
hash:sha256:0000000000000000000000000000000000000000000000000000000000000054,domain:example205.com
hash:sha256:0000000000000000000000000000000000000000000000000000000000000055,domain:example167.com
hash:sha256:0000000000000000000000000000000000000000000000000000000000000056,domain:example256.com
hash:sha256:0000000000000000000000000000000000000000000000000000000000000057,domain:example57.com
hash:sha256:0000000000000000000000000000000000000000000000000000000000000058,domain:example142.com
hash:sha256:0000000000000000000000000000000000000000000000000000000000000059,domain:example199.com
hash:sha256:000000000000000000000000000000000000000000000000000000000000005a,domain:example237.com
hash:sha256:000000000000000000000000000000000000000000000000000000000000005b,domain:example222.com
hash:sha256:000000000000000000000000000000000000000000000000000000000000005c,domain:example255.com
hash:sha256:000000000000000000000000000000000000000000000000000000000000005d,domain:example143.com
hash:sha256:000000000000000000000000000000000000000000000000000000000000005e,domain:example93.com
hash:sha256:000000000000000000000000000000000000000000000000000000000000005f,domain:example48.com
hash:sha256:0000000000000000000000000000000000000000000000000000000000000060,domain:example199.com
hash:sha256:0000000000000000000000000000000000000000000000000000000000000061,domain:example70.com
hash:sha256:0000000000000000000000000000000000000000000000000000000000000062,domain:example147.com
hash:sha256:0000000000000000000000000000000000000000000000000000000000000063,domain:example259.com
hash:sha256:0000000000000000000000000000000000000000000000000000000000000064,domain:example105.com
hash:sha256:0000000000000000000000000000000000000000000000000000000000000065,domain:example37.com
hash:sha256:0000000000000000000000000000000000000000000000000000000000000066,domain:example55.com
hash:sha256:0000000000000000000000000000000000000000000000000000000000000067,domain:example18.com
hash:sha256:0000000000000000000000000000000000000000000000000000000000000068,domain:example65.com
hash:sha256:0000000000000000000000000000000000000000000000000000000000000069,domain:example77.com
hash:sha256:000000000000000000000000000000000000000000000000000000000000006a,domain:example94.com
hash:sha256:000000000000000000000000000000000000000000000000000000000000006b,domain:example182.com
hash:sha256:000000000000000000000000000000000000000000000000000000000000006c,domain:example128.com
hash:sha256:000000000000000000000000000000000000000000000000000000000000006d,domain:example271.com
hash:sha256:000000000000000000000000000000000000000000000000000000000000006e,domain:example77.com
hash:sha256:000000000000000000000000000000000000000000000000000000000000006f,domain:example81.com
hash:sha256:0000000000000000000000000000000000000000000000000000000000000070,domain:example179.com
hash:sha256:0000000000000000000000000000000000000000000000000000000000000071,domain:example229.com
hash:sha256:0000000000000000000000000000000000000000000000000000000000000072,domain:example238.com
hash:sha256:0000000000000000000000000000000000000000000000000000000000000073,domain:example171.com
hash:sha256:0000000000000000000000000000000000000000000000000000000000000074,domain:example73.com
hash:sha256:0000000000000000000000000000000000000000000000000000000000000075,domain:example13.com
hash:sha256:0000000000000000000000000000000000000000000000000000000000000076,domain:example92.com
hash:sha256:0000000000000000000000000000000000000000000000000000000000000077,domain:example75.com
hash:sha256:0000000000000000000000000000000000000000000000000000000000000078,domain:example48.com
hash:sha256:0000000000000000000000000000000000000000000000000000000000000079,domain:example259.com
hash:sha256:000000000000000000000000000000000000000000000000000000000000007a,domain:example267.com
hash:sha256:000000000000000000000000000000000000000000000000000000000000007b,domain:example143.com
hash:sha256:000000000000000000000000000000000000000000000000000000000000007c,domain:example104.com
hash:sha256:000000000000000000000000000000000000000000000000000000000000007d,domain:example122.com
hash:sha256:000000000000000000000000000000000000000000000000000000000000007e,domain:example136.com
hash:sha256:000000000000000000000000000000000000000000000000000000000000007f,domain:example256.com
hash:sha256:0000000000000000000000000000000000000000000000000000000000000080,domain:example69.com
hash:sha256:0000000000000000000000000000000000000000000000000000000000000081,domain:example208.com
hash:sha256:0000000000000000000000000000000000000000000000000000000000000082,domain:example267.com
hash:sha256:0000000000000000000000000000000000000000000000000000000000000083,domain:example128.com
hash:sha256:0000000000000000000000000000000000000000000000000000000000000084,domain:example67.com
hash:sha256:0000000000000000000000000000000000000000000000000000000000000085,domain:example39.com
hash:sha256:0000000000000000000000000000000000000000000000000000000000000086,domain:example60.com
hash:sha256:0000000000000000000000000000000000000000000000000000000000000087,domain:example132.com
hash:sha256:0000000000000000000000000000000000000000000000000000000000000088,domain:example32.com
hash:sha256:0000000000000000000000000000000000000000000000000000000000000089,domain:example55.com
hash:sha256:000000000000000000000000000000000000000000000000000000000000008a,domain:example185.com
hash:sha256:000000000000000000000000000000000000000000000000000000000000008b,domain:example194.com
hash:sha256:000000000000000000000000000000000000000000000000000000000000008c,domain:example235.com
hash:sha256:000000000000000000000000000000000000000000000000000000000000008d,domain:example107.com
hash:sha256:000000000000000000000000000000000000000000000000000000000000008e,domain:example35.com
hash:sha256:000000000000000000000000000000000000000000000000000000000000008f,domain:example4.com
hash:sha256:0000000000000000000000000000000000000000000000000000000000000090,domain:example178.com
hash:sha256:0000000000000000000000000000000000000000000000000000000000000091,domain:example47.com
hash:sha256:0000000000000000000000000000000000000000000000000000000000000092,domain:example260.com
hash:sha256:0000000000000000000000000000000000000000000000000000000000000093,domain:example18.com
hash:sha256:0000000000000000000000000000000000000000000000000000000000000094,domain:example200.com
hash:sha256:0000000000000000000000000000000000000000000000000000000000000095,domain:example73.com
hash:sha256:0000000000000000000000000000000000000000000000000000000000000096,domain:example201.com
hash:sha256:0000000000000000000000000000000000000000000000000000000000000097,domain:example79.com
hash:sha256:0000000000000000000000000000000000000000000000000000000000000098,domain:example291.com
hash:sha256:0000000000000000000000000000000000000000000000000000000000000099,domain:example226.com
hash:sha256:000000000000000000000000000000000000000000000000000000000000009a,domain:example177.com
hash:sha256:000000000000000000000000000000000000000000000000000000000000009b,domain:example165.com
hash:sha256:000000000000000000000000000000000000000000000000000000000000009c,domain:example69.com
hash:sha256:000000000000000000000000000000000000000000000000000000000000009d,domain:example153.com
hash:sha256:000000000000000000000000000000000000000000000000000000000000009e,domain:example67.com
hash:sha256:000000000000000000000000000000000000000000000000000000000000009f,domain:example221.com
hash:sha256:00000000000000000000000000000000000000000000000000000000000000a0,domain:example247.com
hash:sha256:00000000000000000000000000000000000000000000000000000000000000a1,domain:example5.com
hash:sha256:00000000000000000000000000000000000000000000000000000000000000a2,domain:example147.com
hash:sha256:00000000000000000000000000000000000000000000000000000000000000a3,domain:example41.com
hash:sha256:00000000000000000000000000000000000000000000000000000000000000a4,domain:example48.com
hash:sha256:00000000000000000000000000000000000000000000000000000000000000a5,domain:example203.com
hash:sha256:00000000000000000000000000000000000000000000000000000000000000a6,domain:example256.com
hash:sha256:00000000000000000000000000000000000000000000000000000000000000a7,domain:example52.com
hash:sha256:00000000000000000000000000000000000000000000000000000000000000a8,domain:example143.com
hash:sha256:00000000000000000000000000000000000000000000000000000000000000a9,domain:example74.com
hash:sha256:00000000000000000000000000000000000000000000000000000000000000aa,domain:example230.com
hash:sha256:00000000000000000000000000000000000000000000000000000000000000ab,domain:example10.com
hash:sha256:00000000000000000000000000000000000000000000000000000000000000ac,domain:example218.com
hash:sha256:00000000000000000000000000000000000000000000000000000000000000ad,domain:example18.com
hash:sha256:00000000000000000000000000000000000000000000000000000000000000ae,domain:example185.com
hash:sha256:00000000000000000000000000000000000000000000000000000000000000af,domain:example169.com
hash:sha256:00000000000000000000000000000000000000000000000000000000000000b0,domain:example20.com
hash:sha256:00000000000000000000000000000000000000000000000000000000000000b1,domain:example147.com
hash:sha256:00000000000000000000000000000000000000000000000000000000000000b2,domain:example185.com
hash:sha256:00000000000000000000000000000000000000000000000000000000000000b3,domain:example186.com
hash:sha256:00000000000000000000000000000000000000000000000000000000000000b4,domain:example195.com
hash:sha256:00000000000000000000000000000000000000000000000000000000000000b5,domain:example225.com
hash:sha256:00000000000000000000000000000000000000000000000000000000000000b6,domain:example85.com
hash:sha256:00000000000000000000000000000000000000000000000000000000000000b7,domain:example167.com
hash:sha256:00000000000000000000000000000000000000000000000000000000000000b8,domain:example8.com
hash:sha256:00000000000000000000000000000000000000000000000000000000000000b9,domain:example30.com
hash:sha256:00000000000000000000000000000000000000000000000000000000000000ba,domain:example91.com
hash:sha256:00000000000000000000000000000000000000000000000000000000000000bb,domain:example68.com
hash:sha256:00000000000000000000000000000000000000000000000000000000000000bc,domain:example268.com
hash:sha256:00000000000000000000000000000000000000000000000000000000000000bd,domain:example82.com
hash:sha256:00000000000000000000000000000000000000000000000000000000000000be,domain:example262.com
hash:sha256:00000000000000000000000000000000000000000000000000000000000000bf,domain:example130.com
hash:sha256:00000000000000000000000000000000000000000000000000000000000000c0,domain:example207.com
hash:sha256:00000000000000000000000000000000000000000000000000000000000000c1,domain:example255.com
hash:sha256:00000000000000000000000000000000000000000000000000000000000000c2,domain:example131.com
hash:sha256:00000000000000000000000000000000000000000000000000000000000000c3,domain:example269.com
hash:sha256:00000000000000000000000000000000000000000000000000000000000000c4,domain:example54.com
hash:sha256:00000000000000000000000000000000000000000000000000000000000000c5,domain:example291.com
hash:sha256:00000000000000000000000000000000000000000000000000000000000000c6,domain:example288.com
hash:sha256:00000000000000000000000000000000000000000000000000000000000000c7,domain:example145.com
hash:sha256:00000000000000000000000000000000000000000000000000000000000000c8,domain:example296.com
hash:sha256:00000000000000000000000000000000000000000000000000000000000000c9,domain:example229.com
hash:sha256:00000000000000000000000000000000000000000000000000000000000000ca,domain:example202.com
hash:sha256:00000000000000000000000000000000000000000000000000000000000000cb,domain:example267.com
hash:sha256:00000000000000000000000000000000000000000000000000000000000000cc,domain:example125.com
hash:sha256:00000000000000000000000000000000000000000000000000000000000000cd,domain:example149.com
hash:sha256:00000000000000000000000000000000000000000000000000000000000000ce,domain:example37.com
hash:sha256:00000000000000000000000000000000000000000000000000000000000000cf,domain:example112.com
hash:sha256:00000000000000000000000000000000000000000000000000000000000000d0,domain:example85.com
hash:sha256:00000000000000000000000000000000000000000000000000000000000000d1,domain:example138.com
hash:sha256:00000000000000000000000000000000000000000000000000000000000000d2,domain:example29.com
hash:sha256:00000000000000000000000000000000000000000000000000000000000000d3,domain:example53.com
hash:sha256:00000000000000000000000000000000000000000000000000000000000000d4,domain:example250.com
hash:sha256:00000000000000000000000000000000000000000000000000000000000000d5,domain:example291.com
hash:sha256:00000000000000000000000000000000000000000000000000000000000000d6,domain:example133.com
hash:sha256:00000000000000000000000000000000000000000000000000000000000000d7,domain:example126.com
hash:sha256:00000000000000000000000000000000000000000000000000000000000000d8,domain:example144.com
hash:sha256:00000000000000000000000000000000000000000000000000000000000000d9,domain:example211.com
hash:sha256:00000000000000000000000000000000000000000000000000000000000000da,domain:example164.com
hash:sha256:00000000000000000000000000000000000000000000000000000000000000db,domain:example142.com
hash:sha256:00000000000000000000000000000000000000000000000000000000000000dc,domain:example101.com
hash:sha256:00000000000000000000000000000000000000000000000000000000000000dd,domain:example114.com
hash:sha256:00000000000000000000000000000000000000000000000000000000000000de,domain:example283.com
hash:sha256:00000000000000000000000000000000000000000000000000000000000000df,domain:example250.com
hash:sha256:00000000000000000000000000000000000000000000000000000000000000e0,domain:example22.com
hash:sha256:00000000000000000000000000000000000000000000000000000000000000e1,domain:example266.com
hash:sha256:00000000000000000000000000000000000000000000000000000000000000e2,domain:example143.com
hash:sha256:00000000000000000000000000000000000000000000000000000000000000e3,domain:example290.com
hash:sha256:00000000000000000000000000000000000000000000000000000000000000e4,domain:example69.com
hash:sha256:00000000000000000000000000000000000000000000000000000000000000e5,domain:example43.com
hash:sha256:00000000000000000000000000000000000000000000000000000000000000e6,domain:example275.com
hash:sha256:00000000000000000000000000000000000000000000000000000000000000e7,domain:example98.com
hash:sha256:00000000000000000000000000000000000000000000000000000000000000e8,domain:example210.com
hash:sha256:00000000000000000000000000000000000000000000000000000000000000e9,domain:example58.com
hash:sha256:00000000000000000000000000000000000000000000000000000000000000ea,domain:example77.com
hash:sha256:00000000000000000000000000000000000000000000000000000000000000eb,domain:example238.com
hash:sha256:00000000000000000000000000000000000000000000000000000000000000ec,domain:example188.com
hash:sha256:00000000000000000000000000000000000000000000000000000000000000ed,domain:example156.com
hash:sha256:00000000000000000000000000000000000000000000000000000000000000ee,domain:example258.com
hash:sha256:00000000000000000000000000000000000000000000000000000000000000ef,domain:example177.com
hash:sha256:00000000000000000000000000000000000000000000000000000000000000f0,domain:example256.com
hash:sha256:00000000000000000000000000000000000000000000000000000000000000f1,domain:example59.com
hash:sha256:00000000000000000000000000000000000000000000000000000000000000f2,domain:example167.com
hash:sha256:00000000000000000000000000000000000000000000000000000000000000f3,domain:example278.com
hash:sha256:00000000000000000000000000000000000000000000000000000000000000f4,domain:example261.com
hash:sha256:00000000000000000000000000000000000000000000000000000000000000f5,domain:example235.com
hash:sha256:00000000000000000000000000000000000000000000000000000000000000f6,domain:example254.com
hash:sha256:00000000000000000000000000000000000000000000000000000000000000f7,domain:example255.com
hash:sha256:00000000000000000000000000000000000000000000000000000000000000f8,domain:example266.com
hash:sha256:00000000000000000000000000000000000000000000000000000000000000f9,domain:example275.com
hash:sha256:00000000000000000000000000000000000000000000000000000000000000fa,domain:example10.com
hash:sha256:00000000000000000000000000000000000000000000000000000000000000fb,domain:example239.com
hash:sha256:00000000000000000000000000000000000000000000000000000000000000fc,domain:example117.com
hash:sha256:00000000000000000000000000000000000000000000000000000000000000fd,domain:example59.com
hash:sha256:00000000000000000000000000000000000000000000000000000000000000fe,domain:example205.com
hash:sha256:00000000000000000000000000000000000000000000000000000000000000ff,domain:example219.com
hash:sha256:0000000000000000000000000000000000000000000000000000000000000100,domain:example24.com
hash:sha256:0000000000000000000000000000000000000000000000000000000000000101,domain:example62.com
hash:sha256:0000000000000000000000000000000000000000000000000000000000000102,domain:example178.com
hash:sha256:0000000000000000000000000000000000000000000000000000000000000103,domain:example297.com
hash:sha256:0000000000000000000000000000000000000000000000000000000000000104,domain:example92.com
hash:sha256:0000000000000000000000000000000000000000000000000000000000000105,domain:example285.com
hash:sha256:0000000000000000000000000000000000000000000000000000000000000106,domain:example217.com
hash:sha256:0000000000000000000000000000000000000000000000000000000000000107,domain:example106.com
hash:sha256:0000000000000000000000000000000000000000000000000000000000000108,domain:example120.com
hash:sha256:0000000000000000000000000000000000000000000000000000000000000109,domain:example261.com
hash:sha256:000000000000000000000000000000000000000000000000000000000000010a,domain:example50.com
hash:sha256:000000000000000000000000000000000000000000000000000000000000010b,domain:example293.com
hash:sha256:000000000000000000000000000000000000000000000000000000000000010c,domain:example37.com
hash:sha256:000000000000000000000000000000000000000000000000000000000000010d,domain:example294.com
hash:sha256:000000000000000000000000000000000000000000000000000000000000010e,domain:example60.com
hash:sha256:000000000000000000000000000000000000000000000000000000000000010f,domain:example10.com
hash:sha256:0000000000000000000000000000000000000000000000000000000000000110,domain:example265.com
hash:sha256:0000000000000000000000000000000000000000000000000000000000000111,domain:example108.com
hash:sha256:0000000000000000000000000000000000000000000000000000000000000112,domain:example15.com
hash:sha256:0000000000000000000000000000000000000000000000000000000000000113,domain:example15.com
hash:sha256:0000000000000000000000000000000000000000000000000000000000000114,domain:example257.com
hash:sha256:0000000000000000000000000000000000000000000000000000000000000115,domain:example165.com
hash:sha256:0000000000000000000000000000000000000000000000000000000000000116,domain:example264.com
hash:sha256:0000000000000000000000000000000000000000000000000000000000000117,domain:example251.com
hash:sha256:0000000000000000000000000000000000000000000000000000000000000118,domain:example180.com
hash:sha256:0000000000000000000000000000000000000000000000000000000000000119,domain:example278.com
hash:sha256:000000000000000000000000000000000000000000000000000000000000011a,domain:example222.com
hash:sha256:000000000000000000000000000000000000000000000000000000000000011b,domain:example141.com
hash:sha256:000000000000000000000000000000000000000000000000000000000000011c,domain:example151.com
hash:sha256:000000000000000000000000000000000000000000000000000000000000011d,domain:example130.com
hash:sha256:000000000000000000000000000000000000000000000000000000000000011e,domain:example209.com
hash:sha256:000000000000000000000000000000000000000000000000000000000000011f,domain:example206.com
hash:sha256:0000000000000000000000000000000000000000000000000000000000000120,domain:example182.com
hash:sha256:0000000000000000000000000000000000000000000000000000000000000121,domain:example47.com
hash:sha256:0000000000000000000000000000000000000000000000000000000000000122,domain:example110.com
hash:sha256:0000000000000000000000000000000000000000000000000000000000000123,domain:example217.com
hash:sha256:0000000000000000000000000000000000000000000000000000000000000124,domain:example122.com
hash:sha256:0000000000000000000000000000000000000000000000000000000000000125,domain:example231.com
hash:sha256:0000000000000000000000000000000000000000000000000000000000000126,domain:example141.com
hash:sha256:0000000000000000000000000000000000000000000000000000000000000127,domain:example255.com
hash:sha256:0000000000000000000000000000000000000000000000000000000000000128,domain:example246.com
hash:sha256:0000000000000000000000000000000000000000000000000000000000000129,domain:example23.com
hash:sha256:000000000000000000000000000000000000000000000000000000000000012a,domain:example63.com
hash:sha256:000000000000000000000000000000000000000000000000000000000000012b,domain:example271.com
hash:sha256:000000000000000000000000000000000000000000000000000000000000012c,domain:example200.com
hash:sha256:000000000000000000000000000000000000000000000000000000000000012d,domain:example103.com
hash:sha256:000000000000000000000000000000000000000000000000000000000000012e,domain:example214.com
hash:sha256:000000000000000000000000000000000000000000000000000000000000012f,domain:example68.com
hash:sha256:0000000000000000000000000000000000000000000000000000000000000130,domain:example216.com
hash:sha256:0000000000000000000000000000000000000000000000000000000000000131,domain:example174.com
hash:sha256:0000000000000000000000000000000000000000000000000000000000000132,domain:example253.com
hash:sha256:0000000000000000000000000000000000000000000000000000000000000133,domain:example266.com
hash:sha256:0000000000000000000000000000000000000000000000000000000000000134,domain:example269.com
hash:sha256:0000000000000000000000000000000000000000000000000000000000000135,domain:example173.com
hash:sha256:0000000000000000000000000000000000000000000000000000000000000136,domain:example92.com
hash:sha256:0000000000000000000000000000000000000000000000000000000000000137,domain:example261.com
hash:sha256:0000000000000000000000000000000000000000000000000000000000000138,domain:example46.com
hash:sha256:0000000000000000000000000000000000000000000000000000000000000139,domain:example94.com
hash:sha256:000000000000000000000000000000000000000000000000000000000000013a,domain:example219.com
hash:sha256:000000000000000000000000000000000000000000000000000000000000013b,domain:example179.com
hash:sha256:000000000000000000000000000000000000000000000000000000000000013c,domain:example16.com
hash:sha256:000000000000000000000000000000000000000000000000000000000000013d,domain:example161.com
hash:sha256:000000000000000000000000000000000000000000000000000000000000013e,domain:example90.com
hash:sha256:000000000000000000000000000000000000000000000000000000000000013f,domain:example224.com
hash:sha256:0000000000000000000000000000000000000000000000000000000000000140,domain:example229.com
hash:sha256:0000000000000000000000000000000000000000000000000000000000000141,domain:example246.com
hash:sha256:0000000000000000000000000000000000000000000000000000000000000142,domain:example271.com
hash:sha256:0000000000000000000000000000000000000000000000000000000000000143,domain:example215.com
hash:sha256:0000000000000000000000000000000000000000000000000000000000000144,domain:example39.com
hash:sha256:0000000000000000000000000000000000000000000000000000000000000145,domain:example239.com
hash:sha256:0000000000000000000000000000000000000000000000000000000000000146,domain:example115.com
hash:sha256:0000000000000000000000000000000000000000000000000000000000000147,domain:example250.com
hash:sha256:0000000000000000000000000000000000000000000000000000000000000148,domain:example199.com
hash:sha256:0000000000000000000000000000000000000000000000000000000000000149,domain:example168.com
hash:sha256:000000000000000000000000000000000000000000000000000000000000014a,domain:example295.com
hash:sha256:000000000000000000000000000000000000000000000000000000000000014b,domain:example270.com
hash:sha256:000000000000000000000000000000000000000000000000000000000000014c,domain:example134.com
hash:sha256:000000000000000000000000000000000000000000000000000000000000014d,domain:example258.com
hash:sha256:000000000000000000000000000000000000000000000000000000000000014e,domain:example137.com
hash:sha256:000000000000000000000000000000000000000000000000000000000000014f,domain:example189.com
hash:sha256:0000000000000000000000000000000000000000000000000000000000000150,domain:example259.com
hash:sha256:0000000000000000000000000000000000000000000000000000000000000151,domain:example145.com
hash:sha256:0000000000000000000000000000000000000000000000000000000000000152,domain:example268.com
hash:sha256:0000000000000000000000000000000000000000000000000000000000000153,domain:example172.com
hash:sha256:0000000000000000000000000000000000000000000000000000000000000154,domain:example147.com
hash:sha256:0000000000000000000000000000000000000000000000000000000000000155,domain:example252.com
hash:sha256:0000000000000000000000000000000000000000000000000000000000000156,domain:example123.com
hash:sha256:0000000000000000000000000000000000000000000000000000000000000157,domain:example11.com
hash:sha256:0000000000000000000000000000000000000000000000000000000000000158,domain:example133.com
hash:sha256:0000000000000000000000000000000000000000000000000000000000000159,domain:example115.com
hash:sha256:000000000000000000000000000000000000000000000000000000000000015a,domain:example134.com
hash:sha256:000000000000000000000000000000000000000000000000000000000000015b,domain:example275.com
hash:sha256:000000000000000000000000000000000000000000000000000000000000015c,domain:example123.com
hash:sha256:000000000000000000000000000000000000000000000000000000000000015d,domain:example254.com
hash:sha256:000000000000000000000000000000000000000000000000000000000000015e,domain:example244.com
hash:sha256:000000000000000000000000000000000000000000000000000000000000015f,domain:example59.com
hash:sha256:0000000000000000000000000000000000000000000000000000000000000160,domain:example189.com
hash:sha256:0000000000000000000000000000000000000000000000000000000000000161,domain:example198.com
hash:sha256:0000000000000000000000000000000000000000000000000000000000000162,domain:example20.com
hash:sha256:0000000000000000000000000000000000000000000000000000000000000163,domain:example17.com
hash:sha256:0000000000000000000000000000000000000000000000000000000000000164,domain:example153.com
hash:sha256:0000000000000000000000000000000000000000000000000000000000000165,domain:example98.com
hash:sha256:0000000000000000000000000000000000000000000000000000000000000166,domain:example82.com
hash:sha256:0000000000000000000000000000000000000000000000000000000000000167,domain:example237.com
hash:sha256:0000000000000000000000000000000000000000000000000000000000000168,domain:example108.com
hash:sha256:0000000000000000000000000000000000000000000000000000000000000169,domain:example235.com
hash:sha256:000000000000000000000000000000000000000000000000000000000000016a,domain:example139.com
hash:sha256:000000000000000000000000000000000000000000000000000000000000016b,domain:example264.com
hash:sha256:000000000000000000000000000000000000000000000000000000000000016c,domain:example248.com
hash:sha256:000000000000000000000000000000000000000000000000000000000000016d,domain:example280.com
hash:sha256:000000000000000000000000000000000000000000000000000000000000016e,domain:example23.com
hash:sha256:000000000000000000000000000000000000000000000000000000000000016f,domain:example207.com
hash:sha256:0000000000000000000000000000000000000000000000000000000000000170,domain:example113.com
hash:sha256:0000000000000000000000000000000000000000000000000000000000000171,domain:example180.com
hash:sha256:0000000000000000000000000000000000000000000000000000000000000172,domain:example63.com
hash:sha256:0000000000000000000000000000000000000000000000000000000000000173,domain:example202.com
hash:sha256:0000000000000000000000000000000000000000000000000000000000000174,domain:example147.com
hash:sha256:0000000000000000000000000000000000000000000000000000000000000175,domain:example151.com
hash:sha256:0000000000000000000000000000000000000000000000000000000000000176,domain:example220.com
hash:sha256:0000000000000000000000000000000000000000000000000000000000000177,domain:example36.com
hash:sha256:0000000000000000000000000000000000000000000000000000000000000178,domain:example76.com
hash:sha256:0000000000000000000000000000000000000000000000000000000000000179,domain:example129.com
hash:sha256:000000000000000000000000000000000000000000000000000000000000017a,domain:example293.com
hash:sha256:000000000000000000000000000000000000000000000000000000000000017b,domain:example43.com
hash:sha256:000000000000000000000000000000000000000000000000000000000000017c,domain:example163.com
hash:sha256:000000000000000000000000000000000000000000000000000000000000017d,domain:example196.com
hash:sha256:000000000000000000000000000000000000000000000000000000000000017e,domain:example63.com
hash:sha256:000000000000000000000000000000000000000000000000000000000000017f,domain:example258.com
hash:sha256:0000000000000000000000000000000000000000000000000000000000000180,domain:example287.com
hash:sha256:0000000000000000000000000000000000000000000000000000000000000181,domain:example293.com
hash:sha256:0000000000000000000000000000000000000000000000000000000000000182,domain:example276.com
hash:sha256:0000000000000000000000000000000000000000000000000000000000000183,domain:example14.com
hash:sha256:0000000000000000000000000000000000000000000000000000000000000184,domain:example232.com
hash:sha256:0000000000000000000000000000000000000000000000000000000000000185,domain:example161.com
hash:sha256:0000000000000000000000000000000000000000000000000000000000000186,domain:example193.com
hash:sha256:0000000000000000000000000000000000000000000000000000000000000187,domain:example215.com
hash:sha256:0000000000000000000000000000000000000000000000000000000000000188,domain:example28.com
hash:sha256:0000000000000000000000000000000000000000000000000000000000000189,domain:example203.com
hash:sha256:000000000000000000000000000000000000000000000000000000000000018a,domain:example231.com
hash:sha256:000000000000000000000000000000000000000000000000000000000000018b,domain:example231.com
hash:sha256:000000000000000000000000000000000000000000000000000000000000018c,domain:example85.com
hash:sha256:000000000000000000000000000000000000000000000000000000000000018d,domain:example65.com
hash:sha256:000000000000000000000000000000000000000000000000000000000000018e,domain:example186.com
hash:sha256:000000000000000000000000000000000000000000000000000000000000018f,domain:example13.com
hash:sha256:0000000000000000000000000000000000000000000000000000000000000190,domain:example280.com

