id,type,label,last_seen
ip:192.0.2.1,ip,192.0.2.1,2024-08-28
ip:192.0.2.2,ip,192.0.2.2,2025-04-26
ip:192.0.2.3,ip,192.0.2.3,2024-10-11
ip:192.0.2.4,ip,192.0.2.4,2025-06-17
ip:192.0.2.5,ip,192.0.2.5,2025-01-14
ip:192.0.2.6,ip,192.0.2.6,2024-10-16
ip:192.0.2.7,ip,192.0.2.7,2025-06-21
ip:192.0.2.8,ip,192.0.2.8,2024-10-28
ip:192.0.2.9,ip,192.0.2.9,2025-04-09
ip:192.0.2.10,ip,192.0.2.10,2025-01-31
ip:192.0.2.11,ip,192.0.2.11,2025-07-29
ip:192.0.2.12,ip,192.0.2.12,2025-06-10
ip:192.0.2.13,ip,192.0.2.13,2025-01-07
ip:192.0.2.14,ip,192.0.2.14,2025-01-17
ip:192.0.2.15,ip,192.0.2.15,2024-10-06
ip:192.0.2.16,ip,192.0.2.16,2025-02-13
ip:192.0.2.17,ip,192.0.2.17,2025-04-14
ip:192.0.2.18,ip,192.0.2.18,2024-12-23
ip:192.0.2.19,ip,192.0.2.19,2024-12-27
ip:192.0.2.20,ip,192.0.2.20,2024-12-16
ip:192.0.2.21,ip,192.0.2.21,2025-01-19
ip:192.0.2.22,ip,192.0.2.22,2025-08-09
ip:192.0.2.23,ip,192.0.2.23,2025-02-19
ip:192.0.2.24,ip,192.0.2.24,2024-10-22
ip:192.0.2.25,ip,192.0.2.25,2024-10-02
ip:192.0.2.26,ip,192.0.2.26,2025-02-12
ip:192.0.2.27,ip,192.0.2.27,2024-12-30
ip:192.0.2.28,ip,192.0.2.28,2024-12-20
ip:192.0.2.29,ip,192.0.2.29,2025-04-05
ip:192.0.2.30,ip,192.0.2.30,2025-01-27
ip:192.0.2.31,ip,192.0.2.31,2025-06-26
ip:192.0.2.32,ip,192.0.2.32,2024-11-16
ip:192.0.2.33,ip,192.0.2.33,2025-03-23
ip:192.0.2.34,ip,192.0.2.34,2024-12-26
ip:192.0.2.35,ip,192.0.2.35,2025-08-14
ip:192.0.2.36,ip,192.0.2.36,2025-07-08
ip:192.0.2.37,ip,192.0.2.37,2024-09-07
ip:192.0.2.38,ip,192.0.2.38,2025-02-23
ip:192.0.2.39,ip,192.0.2.39,2025-05-14
ip:192.0.2.40,ip,192.0.2.40,2024-09-14
ip:192.0.2.41,ip,192.0.2.41,2025-04-16
ip:192.0.2.42,ip,192.0.2.42,2025-06-27
ip:192.0.2.43,ip,192.0.2.43,2025-08-11
ip:192.0.2.44,ip,192.0.2.44,2024-11-06
ip:192.0.2.45,ip,192.0.2.45,2025-06-29
ip:192.0.2.46,ip,192.0.2.46,2025-08-17
ip:192.0.2.47,ip,192.0.2.47,2024-08-25
ip:192.0.2.48,ip,192.0.2.48,2025-02-17
ip:192.0.2.49,ip,192.0.2.49,2025-02-07
ip:192.0.2.50,ip,192.0.2.50,2025-01-10
ip:192.0.2.51,ip,192.0.2.51,2025-05-14
ip:192.0.2.52,ip,192.0.2.52,2024-09-30
ip:192.0.2.53,ip,192.0.2.53,2024-09-29
ip:192.0.2.54,ip,192.0.2.54,2024-09-06
ip:192.0.2.55,ip,192.0.2.55,2025-01-27
ip:192.0.2.56,ip,192.0.2.56,2025-06-15
ip:192.0.2.57,ip,192.0.2.57,2025-02-01
ip:192.0.2.58,ip,192.0.2.58,2025-02-04
ip:192.0.2.59,ip,192.0.2.59,2025-02-27
ip:192.0.2.60,ip,192.0.2.60,2024-08-30
ip:192.0.2.61,ip,192.0.2.61,2025-03-11
ip:192.0.2.62,ip,192.0.2.62,2024-10-10
ip:192.0.2.63,ip,192.0.2.63,2025-05-13
ip:192.0.2.64,ip,192.0.2.64,2024-09-19
ip:192.0.2.65,ip,192.0.2.65,2025-04-05
ip:192.0.2.66,ip,192.0.2.66,2025-01-18
ip:192.0.2.67,ip,192.0.2.67,2025-05-02
ip:192.0.2.68,ip,192.0.2.68,2025-08-01
ip:192.0.2.69,ip,192.0.2.69,2025-04-22
ip:192.0.2.70,ip,192.0.2.70,2025-01-20
ip:192.0.2.71,ip,192.0.2.71,2025-05-12
ip:192.0.2.72,ip,192.0.2.72,2025-07-19
ip:192.0.2.73,ip,192.0.2.73,2025-02-20
ip:192.0.2.74,ip,192.0.2.74,2024-11-14
ip:192.0.2.75,ip,192.0.2.75,2024-09-03
ip:192.0.2.76,ip,192.0.2.76,2024-12-01
ip:192.0.2.77,ip,192.0.2.77,2025-03-02
ip:192.0.2.78,ip,192.0.2.78,2025-02-24
ip:192.0.2.79,ip,192.0.2.79,2025-03-08
ip:192.0.2.80,ip,192.0.2.80,2025-01-02
ip:192.0.2.81,ip,192.0.2.81,2024-10-02
ip:192.0.2.82,ip,192.0.2.82,2025-05-13
ip:192.0.2.83,ip,192.0.2.83,2025-02-07
ip:192.0.2.84,ip,192.0.2.84,2025-08-01
ip:192.0.2.85,ip,192.0.2.85,2024-09-17
ip:192.0.2.86,ip,192.0.2.86,2024-10-03
ip:192.0.2.87,ip,192.0.2.87,2024-09-09
ip:192.0.2.88,ip,192.0.2.88,2024-10-06
ip:192.0.2.89,ip,192.0.2.89,2024-09-06
ip:192.0.2.90,ip,192.0.2.90,2025-07-31
ip:192.0.2.91,ip,192.0.2.91,2025-08-05
ip:192.0.2.92,ip,192.0.2.92,2024-11-18
ip:192.0.2.93,ip,192.0.2.93,2024-09-15
ip:192.0.2.94,ip,192.0.2.94,2025-02-14
ip:192.0.2.95,ip,192.0.2.95,2025-02-20
ip:192.0.2.96,ip,192.0.2.96,2025-08-13
ip:192.0.2.97,ip,192.0.2.97,2024-11-08
ip:192.0.2.98,ip,192.0.2.98,2024-09-03
ip:192.0.2.99,ip,192.0.2.99,2025-02-25
ip:192.0.2.100,ip,192.0.2.100,2024-12-25
ip:192.0.2.101,ip,192.0.2.101,2025-06-12
ip:192.0.2.102,ip,192.0.2.102,2025-06-11
ip:192.0.2.103,ip,192.0.2.103,2025-02-20
ip:192.0.2.104,ip,192.0.2.104,2025-03-15
ip:192.0.2.105,ip,192.0.2.105,2024-10-11
ip:192.0.2.106,ip,192.0.2.106,2024-11-22
ip:192.0.2.107,ip,192.0.2.107,2024-10-27
ip:192.0.2.108,ip,192.0.2.108,2025-08-02
ip:192.0.2.109,ip,192.0.2.109,2024-12-27
ip:192.0.2.110,ip,192.0.2.110,2025-04-17
ip:192.0.2.111,ip,192.0.2.111,2025-05-17
ip:192.0.2.112,ip,192.0.2.112,2024-10-18
ip:192.0.2.113,ip,192.0.2.113,2025-07-11
ip:192.0.2.114,ip,192.0.2.114,2024-09-18
ip:192.0.2.115,ip,192.0.2.115,2025-04-03
ip:192.0.2.116,ip,192.0.2.116,2025-03-26
ip:192.0.2.117,ip,192.0.2.117,2024-10-07
ip:192.0.2.118,ip,192.0.2.118,2024-10-31
ip:192.0.2.119,ip,192.0.2.119,2025-02-10
ip:192.0.2.120,ip,192.0.2.120,2024-10-18
ip:192.0.2.121,ip,192.0.2.121,2025-04-18
ip:192.0.2.122,ip,192.0.2.122,2025-08-07
ip:192.0.2.123,ip,192.0.2.123,2024-12-25
ip:192.0.2.124,ip,192.0.2.124,2025-04-10
ip:192.0.2.125,ip,192.0.2.125,2025-03-13
ip:192.0.2.126,ip,192.0.2.126,2025-01-23
ip:192.0.2.127,ip,192.0.2.127,2025-06-12
ip:192.0.2.128,ip,192.0.2.128,2025-06-14
ip:192.0.2.129,ip,192.0.2.129,2025-05-15
ip:192.0.2.130,ip,192.0.2.130,2025-06-30
ip:192.0.2.131,ip,192.0.2.131,2025-08-23
ip:192.0.2.132,ip,192.0.2.132,2025-01-30
ip:192.0.2.133,ip,192.0.2.133,2024-10-13
ip:192.0.2.134,ip,192.0.2.134,2025-06-01
ip:192.0.2.135,ip,192.0.2.135,2024-12-28
ip:192.0.2.136,ip,192.0.2.136,2024-10-30
ip:192.0.2.137,ip,192.0.2.137,2024-12-02
ip:192.0.2.138,ip,192.0.2.138,2025-05-12
ip:192.0.2.139,ip,192.0.2.139,2024-11-29
ip:192.0.2.140,ip,192.0.2.140,2024-12-04
ip:192.0.2.141,ip,192.0.2.141,2024-12-31
ip:192.0.2.142,ip,192.0.2.142,2025-07-07
ip:192.0.2.143,ip,192.0.2.143,2025-01-28
ip:192.0.2.144,ip,192.0.2.144,2025-03-11
ip:192.0.2.145,ip,192.0.2.145,2025-05-28
ip:192.0.2.146,ip,192.0.2.146,2024-10-22
ip:192.0.2.147,ip,192.0.2.147,2025-07-03
ip:192.0.2.148,ip,192.0.2.148,2025-01-20
ip:192.0.2.149,ip,192.0.2.149,2025-08-13
ip:192.0.2.150,ip,192.0.2.150,2025-01-28
ip:192.0.2.151,ip,192.0.2.151,2024-09-30
ip:192.0.2.152,ip,192.0.2.152,2025-04-13
ip:192.0.2.153,ip,192.0.2.153,2024-10-03
ip:192.0.2.154,ip,192.0.2.154,2024-09-22
ip:192.0.2.155,ip,192.0.2.155,2025-07-04
ip:192.0.2.156,ip,192.0.2.156,2025-06-11
ip:192.0.2.157,ip,192.0.2.157,2025-03-15
ip:192.0.2.158,ip,192.0.2.158,2025-06-30
ip:192.0.2.159,ip,192.0.2.159,2025-02-18
ip:192.0.2.160,ip,192.0.2.160,2024-12-15
ip:192.0.2.161,ip,192.0.2.161,2024-11-25
ip:192.0.2.162,ip,192.0.2.162,2025-08-04
ip:192.0.2.163,ip,192.0.2.163,2025-02-24
ip:192.0.2.164,ip,192.0.2.164,2025-04-06
ip:192.0.2.165,ip,192.0.2.165,2025-01-01
ip:192.0.2.166,ip,192.0.2.166,2025-06-25
ip:192.0.2.167,ip,192.0.2.167,2025-07-13
ip:192.0.2.168,ip,192.0.2.168,2024-10-06
ip:192.0.2.169,ip,192.0.2.169,2024-09-02
ip:192.0.2.170,ip,192.0.2.170,2024-09-26
ip:192.0.2.171,ip,192.0.2.171,2024-09-29
ip:192.0.2.172,ip,192.0.2.172,2024-11-26
ip:192.0.2.173,ip,192.0.2.173,2025-03-04
ip:192.0.2.174,ip,192.0.2.174,2025-04-12
ip:192.0.2.175,ip,192.0.2.175,2024-10-28
ip:192.0.2.176,ip,192.0.2.176,2025-06-02
ip:192.0.2.177,ip,192.0.2.177,2025-03-04
ip:192.0.2.178,ip,192.0.2.178,2025-01-02
ip:192.0.2.179,ip,192.0.2.179,2025-03-21
ip:192.0.2.180,ip,192.0.2.180,2024-12-04
ip:192.0.2.181,ip,192.0.2.181,2025-05-18
ip:192.0.2.182,ip,192.0.2.182,2024-12-23
ip:192.0.2.183,ip,192.0.2.183,2025-04-25
ip:192.0.2.184,ip,192.0.2.184,2024-12-25
ip:192.0.2.185,ip,192.0.2.185,2025-04-03
ip:192.0.2.186,ip,192.0.2.186,2024-12-31
ip:192.0.2.187,ip,192.0.2.187,2024-12-11
ip:192.0.2.188,ip,192.0.2.188,2024-11-22
ip:192.0.2.189,ip,192.0.2.189,2025-07-14
ip:192.0.2.190,ip,192.0.2.190,2025-04-08
ip:192.0.2.191,ip,192.0.2.191,2025-07-18
ip:192.0.2.192,ip,192.0.2.192,2024-09-22
ip:192.0.2.193,ip,192.0.2.193,2024-10-29
ip:192.0.2.194,ip,192.0.2.194,2024-10-17
ip:192.0.2.195,ip,192.0.2.195,2024-11-20
ip:192.0.2.196,ip,192.0.2.196,2025-03-07
ip:192.0.2.197,ip,192.0.2.197,2025-03-21
ip:192.0.2.198,ip,192.0.2.198,2024-10-01
ip:192.0.2.199,ip,192.0.2.199,2024-10-09
ip:192.0.2.200,ip,192.0.2.200,2024-09-15
domain:example1.com,domain,example1.com,2024-12-15
domain:example2.com,domain,example2.com,2025-06-10
domain:example3.com,domain,example3.com,2025-07-13
domain:example4.com,domain,example4.com,2024-12-04
domain:example5.com,domain,example5.com,2025-08-01
domain:example6.com,domain,example6.com,2024-12-31
domain:example7.com,domain,example7.com,2025-08-22
domain:example8.com,domain,example8.com,2024-12-28
domain:example9.com,domain,example9.com,2025-01-14
domain:example10.com,domain,example10.com,2025-07-15
domain:example11.com,domain,example11.com,2024-10-28
domain:example12.com,domain,example12.com,2025-05-02
domain:example13.com,domain,example13.com,2025-04-04
domain:example14.com,domain,example14.com,2025-05-09
domain:example15.com,domain,example15.com,2024-12-30
domain:example16.com,domain,example16.com,2025-07-16
domain:example17.com,domain,example17.com,2025-06-05
domain:example18.com,domain,example18.com,2025-07-20
domain:example19.com,domain,example19.com,2024-12-16
domain:example20.com,domain,example20.com,2024-08-31
domain:example21.com,domain,example21.com,2025-02-06
domain:example22.com,domain,example22.com,2024-12-31
domain:example23.com,domain,example23.com,2025-07-10
domain:example24.com,domain,example24.com,2024-09-01
domain:example25.com,domain,example25.com,2025-03-30
domain:example26.com,domain,example26.com,2025-01-14
domain:example27.com,domain,example27.com,2025-04-16
domain:example28.com,domain,example28.com,2024-12-28
domain:example29.com,domain,example29.com,2025-05-27
domain:example30.com,domain,example30.com,2025-05-04
domain:example31.com,domain,example31.com,2025-01-01
domain:example32.com,domain,example32.com,2025-04-22
domain:example33.com,domain,example33.com,2025-01-04
domain:example34.com,domain,example34.com,2025-01-23
domain:example35.com,domain,example35.com,2025-04-11
domain:example36.com,domain,example36.com,2024-11-29
domain:example37.com,domain,example37.com,2024-12-02
domain:example38.com,domain,example38.com,2025-03-18
domain:example39.com,domain,example39.com,2025-03-02
domain:example40.com,domain,example40.com,2024-10-01
domain:example41.com,domain,example41.com,2025-08-20
domain:example42.com,domain,example42.com,2024-11-02
domain:example43.com,domain,example43.com,2024-11-21
domain:example44.com,domain,example44.com,2024-09-13
domain:example45.com,domain,example45.com,2025-06-14
domain:example46.com,domain,example46.com,2024-09-14
domain:example47.com,domain,example47.com,2025-07-29
domain:example48.com,domain,example48.com,2025-06-22
domain:example49.com,domain,example49.com,2024-10-11
domain:example50.com,domain,example50.com,2025-04-07
domain:example51.com,domain,example51.com,2024-10-24
domain:example52.com,domain,example52.com,2025-02-04
domain:example53.com,domain,example53.com,2025-08-12
domain:example54.com,domain,example54.com,2025-06-25
domain:example55.com,domain,example55.com,2025-08-07
domain:example56.com,domain,example56.com,2025-03-21
domain:example57.com,domain,example57.com,2025-07-30
domain:example58.com,domain,example58.com,2025-01-06
domain:example59.com,domain,example59.com,2025-02-24
domain:example60.com,domain,example60.com,2025-06-10
domain:example61.com,domain,example61.com,2025-02-19
domain:example62.com,domain,example62.com,2025-04-14
domain:example63.com,domain,example63.com,2024-08-25
domain:example64.com,domain,example64.com,2024-09-23
domain:example65.com,domain,example65.com,2024-12-19
domain:example66.com,domain,example66.com,2025-01-27
domain:example67.com,domain,example67.com,2024-11-09
domain:example68.com,domain,example68.com,2024-09-11
domain:example69.com,domain,example69.com,2025-08-07
domain:example70.com,domain,example70.com,2024-12-27
domain:example71.com,domain,example71.com,2025-07-20
domain:example72.com,domain,example72.com,2025-08-20
domain:example73.com,domain,example73.com,2025-07-24
domain:example74.com,domain,example74.com,2025-04-11
domain:example75.com,domain,example75.com,2025-02-14
domain:example76.com,domain,example76.com,2025-03-18
domain:example77.com,domain,example77.com,2024-09-04
domain:example78.com,domain,example78.com,2025-06-30
domain:example79.com,domain,example79.com,2025-07-13
domain:example80.com,domain,example80.com,2025-03-29
domain:example81.com,domain,example81.com,2024-12-21
domain:example82.com,domain,example82.com,2025-02-22
domain:example83.com,domain,example83.com,2025-03-13
domain:example84.com,domain,example84.com,2025-02-03
domain:example85.com,domain,example85.com,2024-10-09
domain:example86.com,domain,example86.com,2024-09-15
domain:example87.com,domain,example87.com,2025-04-04
domain:example88.com,domain,example88.com,2025-02-28
domain:example89.com,domain,example89.com,2024-10-29
domain:example90.com,domain,example90.com,2024-09-26
domain:example91.com,domain,example91.com,2025-06-06
domain:example92.com,domain,example92.com,2024-10-03
domain:example93.com,domain,example93.com,2025-05-27
domain:example94.com,domain,example94.com,2025-04-05
domain:example95.com,domain,example95.com,2025-02-20
domain:example96.com,domain,example96.com,2025-05-09
domain:example97.com,domain,example97.com,2025-03-15
domain:example98.com,domain,example98.com,2025-04-16
domain:example99.com,domain,example99.com,2024-10-10
domain:example100.com,domain,example100.com,2025-04-26
domain:example101.com,domain,example101.com,2025-01-29
domain:example102.com,domain,example102.com,2025-03-28
domain:example103.com,domain,example103.com,2025-02-23
domain:example104.com,domain,example104.com,2025-07-04
domain:example105.com,domain,example105.com,2024-09-26
domain:example106.com,domain,example106.com,2024-11-05
domain:example107.com,domain,example107.com,2025-01-09
domain:example108.com,domain,example108.com,2025-06-10
domain:example109.com,domain,example109.com,2025-02-03
domain:example110.com,domain,example110.com,2025-06-14
domain:example111.com,domain,example111.com,2025-07-21
domain:example112.com,domain,example112.com,2024-12-20
domain:example113.com,domain,example113.com,2025-01-05
domain:example114.com,domain,example114.com,2025-02-27
domain:example115.com,domain,example115.com,2025-03-24
domain:example116.com,domain,example116.com,2024-09-25
domain:example117.com,domain,example117.com,2025-01-19
domain:example118.com,domain,example118.com,2025-06-06
domain:example119.com,domain,example119.com,2024-10-05
domain:example120.com,domain,example120.com,2025-02-02
domain:example121.com,domain,example121.com,2025-03-25
domain:example122.com,domain,example122.com,2025-05-01
domain:example123.com,domain,example123.com,2025-02-02
domain:example124.com,domain,example124.com,2024-12-08
domain:example125.com,domain,example125.com,2025-03-25
domain:example126.com,domain,example126.com,2025-06-17
domain:example127.com,domain,example127.com,2024-10-08
domain:example128.com,domain,example128.com,2025-07-29
domain:example129.com,domain,example129.com,2025-08-11
domain:example130.com,domain,example130.com,2025-02-08
domain:example131.com,domain,example131.com,2025-02-04
domain:example132.com,domain,example132.com,2025-01-01
domain:example133.com,domain,example133.com,2024-09-29
domain:example134.com,domain,example134.com,2024-12-13
domain:example135.com,domain,example135.com,2025-02-08
domain:example136.com,domain,example136.com,2025-07-09
domain:example137.com,domain,example137.com,2025-05-07
domain:example138.com,domain,example138.com,2025-01-07
domain:example139.com,domain,example139.com,2024-11-26
domain:example140.com,domain,example140.com,2025-03-28
domain:example141.com,domain,example141.com,2024-10-23
domain:example142.com,domain,example142.com,2025-01-27
domain:example143.com,domain,example143.com,2025-08-24
domain:example144.com,domain,example144.com,2024-10-06
domain:example145.com,domain,example145.com,2025-04-12
domain:example146.com,domain,example146.com,2025-01-21
domain:example147.com,domain,example147.com,2025-07-20
domain:example148.com,domain,example148.com,2025-01-03
domain:example149.com,domain,example149.com,2024-09-25
domain:example150.com,domain,example150.com,2024-09-28
domain:example151.com,domain,example151.com,2024-10-08
domain:example152.com,domain,example152.com,2024-08-29
domain:example153.com,domain,example153.com,2024-11-12
domain:example154.com,domain,example154.com,2024-09-16
domain:example155.com,domain,example155.com,2025-04-11
domain:example156.com,domain,example156.com,2025-04-19
domain:example157.com,domain,example157.com,2024-10-11
domain:example158.com,domain,example158.com,2025-05-22
domain:example159.com,domain,example159.com,2024-09-27
domain:example160.com,domain,example160.com,2024-12-10
domain:example161.com,domain,example161.com,2025-01-14
domain:example162.com,domain,example162.com,2024-11-27
domain:example163.com,domain,example163.com,2025-02-02
domain:example164.com,domain,example164.com,2024-11-04
domain:example165.com,domain,example165.com,2024-10-08
domain:example166.com,domain,example166.com,2024-11-18
domain:example167.com,domain,example167.com,2025-05-03
domain:example168.com,domain,example168.com,2025-01-30
domain:example169.com,domain,example169.com,2025-05-07
domain:example170.com,domain,example170.com,2025-05-23
domain:example171.com,domain,example171.com,2025-01-26
domain:example172.com,domain,example172.com,2024-10-31
domain:example173.com,domain,example173.com,2025-01-08
domain:example174.com,domain,example174.com,2024-08-31
domain:example175.com,domain,example175.com,2025-05-23
domain:example176.com,domain,example176.com,2025-03-05
domain:example177.com,domain,example177.com,2025-05-15
domain:example178.com,domain,example178.com,2025-07-20
domain:example179.com,domain,example179.com,2025-04-10
domain:example180.com,domain,example180.com,2025-05-21
domain:example181.com,domain,example181.com,2025-02-01
domain:example182.com,domain,example182.com,2025-02-12
domain:example183.com,domain,example183.com,2025-04-07
domain:example184.com,domain,example184.com,2025-02-28
domain:example185.com,domain,example185.com,2025-03-26
domain:example186.com,domain,example186.com,2024-12-16
domain:example187.com,domain,example187.com,2025-02-11
domain:example188.com,domain,example188.com,2025-03-30
domain:example189.com,domain,example189.com,2025-08-01
domain:example190.com,domain,example190.com,2025-07-15
domain:example191.com,domain,example191.com,2025-08-14
domain:example192.com,domain,example192.com,2025-07-12
domain:example193.com,domain,example193.com,2025-02-15
domain:example194.com,domain,example194.com,2024-08-26
domain:example195.com,domain,example195.com,2025-01-08
domain:example196.com,domain,example196.com,2025-06-24
domain:example197.com,domain,example197.com,2025-03-21
domain:example198.com,domain,example198.com,2024-11-26
domain:example199.com,domain,example199.com,2025-02-12
domain:example200.com,domain,example200.com,2024-12-17
domain:example201.com,domain,example201.com,2025-05-13
domain:example202.com,domain,example202.com,2024-12-04
domain:example203.com,domain,example203.com,2024-11-10
domain:example204.com,domain,example204.com,2024-09-18
domain:example205.com,domain,example205.com,2025-06-05
domain:example206.com,domain,example206.com,2025-01-25
domain:example207.com,domain,example207.com,2025-04-07
domain:example208.com,domain,example208.com,2024-12-12
domain:example209.com,domain,example209.com,2024-12-25
domain:example210.com,domain,example210.com,2024-12-17
domain:example211.com,domain,example211.com,2025-08-22
domain:example212.com,domain,example212.com,2025-05-12
domain:example213.com,domain,example213.com,2024-10-11
domain:example214.com,domain,example214.com,2025-05-03
domain:example215.com,domain,example215.com,2025-07-08
domain:example216.com,domain,example216.com,2024-12-30
domain:example217.com,domain,example217.com,2024-09-28
domain:example218.com,domain,example218.com,2024-11-30
domain:example219.com,domain,example219.com,2025-01-24
domain:example220.com,domain,example220.com,2025-08-10
domain:example221.com,domain,example221.com,2024-10-17
domain:example222.com,domain,example222.com,2025-04-23
domain:example223.com,domain,example223.com,2025-01-09
domain:example224.com,domain,example224.com,2025-01-28
domain:example225.com,domain,example225.com,2024-10-04
domain:example226.com,domain,example226.com,2025-04-14
domain:example227.com,domain,example227.com,2025-04-01
domain:example228.com,domain,example228.com,2024-11-11
domain:example229.com,domain,example229.com,2025-01-13
domain:example230.com,domain,example230.com,2025-05-11
domain:example231.com,domain,example231.com,2025-07-23
domain:example232.com,domain,example232.com,2024-10-06
domain:example233.com,domain,example233.com,2024-09-05
domain:example234.com,domain,example234.com,2024-10-20
domain:example235.com,domain,example235.com,2024-09-24
domain:example236.com,domain,example236.com,2025-08-04
domain:example237.com,domain,example237.com,2024-11-17
domain:example238.com,domain,example238.com,2025-02-22
domain:example239.com,domain,example239.com,2024-10-03
domain:example240.com,domain,example240.com,2024-12-25
domain:example241.com,domain,example241.com,2025-04-30
domain:example242.com,domain,example242.com,2024-09-22
domain:example243.com,domain,example243.com,2024-12-05
domain:example244.com,domain,example244.com,2024-09-13
domain:example245.com,domain,example245.com,2025-06-20
domain:example246.com,domain,example246.com,2024-12-24
domain:example247.com,domain,example247.com,2024-11-22
domain:example248.com,domain,example248.com,2025-05-24
domain:example249.com,domain,example249.com,2025-02-26
domain:example250.com,domain,example250.com,2024-10-16
domain:example251.com,domain,example251.com,2025-02-01
domain:example252.com,domain,example252.com,2024-11-17
domain:example253.com,domain,example253.com,2024-09-09
domain:example254.com,domain,example254.com,2025-07-23
domain:example255.com,domain,example255.com,2025-05-21
domain:example256.com,domain,example256.com,2025-06-15
domain:example257.com,domain,example257.com,2025-02-01
domain:example258.com,domain,example258.com,2025-05-20
domain:example259.com,domain,example259.com,2025-01-10
domain:example260.com,domain,example260.com,2024-12-04
domain:example261.com,domain,example261.com,2025-01-27
domain:example262.com,domain,example262.com,2025-04-24
domain:example263.com,domain,example263.com,2025-06-01
domain:example264.com,domain,example264.com,2025-03-09
domain:example265.com,domain,example265.com,2024-08-29
domain:example266.com,domain,example266.com,2024-10-02
domain:example267.com,domain,example267.com,2025-01-09
domain:example268.com,domain,example268.com,2025-07-01
domain:example269.com,domain,example269.com,2025-07-01
domain:example270.com,domain,example270.com,2024-11-05
domain:example271.com,domain,example271.com,2025-05-06
domain:example272.com,domain,example272.com,2024-08-28
domain:example273.com,domain,example273.com,2025-08-06
domain:example274.com,domain,example274.com,2025-01-18
domain:example275.com,domain,example275.com,2025-03-25
domain:example276.com,domain,example276.com,2024-12-20
domain:example277.com,domain,example277.com,2025-05-22
domain:example278.com,domain,example278.com,2024-11-09
domain:example279.com,domain,example279.com,2025-07-03
domain:example280.com,domain,example280.com,2025-01-14
domain:example281.com,domain,example281.com,2025-04-26
domain:example282.com,domain,example282.com,2025-08-05
domain:example283.com,domain,example283.com,2024-11-22
domain:example284.com,domain,example284.com,2025-06-24
domain:example285.com,domain,example285.com,2024-12-12
domain:example286.com,domain,example286.com,2025-01-03
domain:example287.com,domain,example287.com,2024-10-26
domain:example288.com,domain,example288.com,2025-02-09
domain:example289.com,domain,example289.com,2025-03-08
domain:example290.com,domain,example290.com,2024-11-26
domain:example291.com,domain,example291.com,2025-07-23
domain:example292.com,domain,example292.com,2025-06-08
domain:example293.com,domain,example293.com,2025-03-15
domain:example294.com,domain,example294.com,2025-06-24
domain:example295.com,domain,example295.com,2025-03-05
domain:example296.com,domain,example296.com,2025-08-17
domain:example297.com,domain,example297.com,2025-04-24
domain:example298.com,domain,example298.com,2024-12-05
domain:example299.com,domain,example299.com,2025-01-01
domain:example300.com,domain,example300.com,2025-05-24
hash:sha256:0000000000000000000000000000000000000000000000000000000000000001,hash,sample_1,2024-09-18
hash:sha256:0000000000000000000000000000000000000000000000000000000000000002,hash,sample_2,2025-05-22
hash:sha256:0000000000000000000000000000000000000000000000000000000000000003,hash,sample_3,2024-10-29
hash:sha256:0000000000000000000000000000000000000000000000000000000000000004,hash,sample_4,2025-03-09
hash:sha256:0000000000000000000000000000000000000000000000000000000000000005,hash,sample_5,2025-07-13
hash:sha256:0000000000000000000000000000000000000000000000000000000000000006,hash,sample_6,2025-02-01
hash:sha256:0000000000000000000000000000000000000000000000000000000000000007,hash,sample_7,2025-01-18
hash:sha256:0000000000000000000000000000000000000000000000000000000000000008,hash,sample_8,2025-07-09
hash:sha256:0000000000000000000000000000000000000000000000000000000000000009,hash,sample_9,2024-11-01
hash:sha256:000000000000000000000000000000000000000000000000000000000000000a,hash,sample_10,2025-02-14
hash:sha256:000000000000000000000000000000000000000000000000000000000000000b,hash,sample_11,2024-09-07
hash:sha256:000000000000000000000000000000000000000000000000000000000000000c,hash,sample_12,2025-06-12
hash:sha256:000000000000000000000000000000000000000000000000000000000000000d,hash,sample_13,2025-01-14
hash:sha256:000000000000000000000000000000000000000000000000000000000000000e,hash,sample_14,2024-12-03
hash:sha256:000000000000000000000000000000000000000000000000000000000000000f,hash,sample_15,2025-05-04
hash:sha256:0000000000000000000000000000000000000000000000000000000000000010,hash,sample_16,2024-08-30
hash:sha256:0000000000000000000000000000000000000000000000000000000000000011,hash,sample_17,2024-12-03
hash:sha256:0000000000000000000000000000000000000000000000000000000000000012,hash,sample_18,2024-10-14
hash:sha256:0000000000000000000000000000000000000000000000000000000000000013,hash,sample_19,2024-09-03
hash:sha256:0000000000000000000000000000000000000000000000000000000000000014,hash,sample_20,2025-06-12
hash:sha256:0000000000000000000000000000000000000000000000000000000000000015,hash,sample_21,2025-07-01
hash:sha256:0000000000000000000000000000000000000000000000000000000000000016,hash,sample_22,2025-02-17
hash:sha256:0000000000000000000000000000000000000000000000000000000000000017,hash,sample_23,2024-11-27
hash:sha256:0000000000000000000000000000000000000000000000000000000000000018,hash,sample_24,2024-12-26
hash:sha256:0000000000000000000000000000000000000000000000000000000000000019,hash,sample_25,2025-02-02
hash:sha256:000000000000000000000000000000000000000000000000000000000000001a,hash,sample_26,2024-12-31
hash:sha256:000000000000000000000000000000000000000000000000000000000000001b,hash,sample_27,2024-09-20
hash:sha256:000000000000000000000000000000000000000000000000000000000000001c,hash,sample_28,2025-07-25
hash:sha256:000000000000000000000000000000000000000000000000000000000000001d,hash,sample_29,2025-03-23
hash:sha256:000000000000000000000000000000000000000000000000000000000000001e,hash,sample_30,2025-07-06
hash:sha256:000000000000000000000000000000000000000000000000000000000000001f,hash,sample_31,2025-04-08
hash:sha256:0000000000000000000000000000000000000000000000000000000000000020,hash,sample_32,2025-07-21
hash:sha256:0000000000000000000000000000000000000000000000000000000000000021,hash,sample_33,2025-05-31
hash:sha256:0000000000000000000000000000000000000000000000000000000000000022,hash,sample_34,2024-09-08
hash:sha256:0000000000000000000000000000000000000000000000000000000000000023,hash,sample_35,2025-06-08
hash:sha256:0000000000000000000000000000000000000000000000000000000000000024,hash,sample_36,2025-07-09
hash:sha256:0000000000000000000000000000000000000000000000000000000000000025,hash,sample_37,2024-09-08
hash:sha256:0000000000000000000000000000000000000000000000000000000000000026,hash,sample_38,2025-04-30
hash:sha256:0000000000000000000000000000000000000000000000000000000000000027,hash,sample_39,2025-07-20
hash:sha256:0000000000000000000000000000000000000000000000000000000000000028,hash,sample_40,2025-07-08
hash:sha256:0000000000000000000000000000000000000000000000000000000000000029,hash,sample_41,2025-04-16
hash:sha256:000000000000000000000000000000000000000000000000000000000000002a,hash,sample_42,2024-09-02
hash:sha256:000000000000000000000000000000000000000000000000000000000000002b,hash,sample_43,2025-05-08
hash:sha256:000000000000000000000000000000000000000000000000000000000000002c,hash,sample_44,2025-02-24
hash:sha256:000000000000000000000000000000000000000000000000000000000000002d,hash,sample_45,2025-02-24
hash:sha256:000000000000000000000000000000000000000000000000000000000000002e,hash,sample_46,2024-09-23
hash:sha256:000000000000000000000000000000000000000000000000000000000000002f,hash,sample_47,2024-10-02
hash:sha256:0000000000000000000000000000000000000000000000000000000000000030,hash,sample_48,2025-04-07
hash:sha256:0000000000000000000000000000000000000000000000000000000000000031,hash,sample_49,2025-01-31
hash:sha256:0000000000000000000000000000000000000000000000000000000000000032,hash,sample_50,2025-02-02
hash:sha256:0000000000000000000000000000000000000000000000000000000000000033,hash,sample_51,2025-07-04
hash:sha256:0000000000000000000000000000000000000000000000000000000000000034,hash,sample_52,2025-02-14
hash:sha256:0000000000000000000000000000000000000000000000000000000000000035,hash,sample_53,2025-05-22
hash:sha256:0000000000000000000000000000000000000000000000000000000000000036,hash,sample_54,2024-10-20
hash:sha256:0000000000000000000000000000000000000000000000000000000000000037,hash,sample_55,2024-10-27
hash:sha256:0000000000000000000000000000000000000000000000000000000000000038,hash,sample_56,2024-12-18
hash:sha256:0000000000000000000000000000000000000000000000000000000000000039,hash,sample_57,2024-12-10
hash:sha256:000000000000000000000000000000000000000000000000000000000000003a,hash,sample_58,2025-03-22
hash:sha256:000000000000000000000000000000000000000000000000000000000000003b,hash,sample_59,2025-02-27
hash:sha256:000000000000000000000000000000000000000000000000000000000000003c,hash,sample_60,2025-04-27
hash:sha256:000000000000000000000000000000000000000000000000000000000000003d,hash,sample_61,2024-11-30
hash:sha256:000000000000000000000000000000000000000000000000000000000000003e,hash,sample_62,2024-12-22
hash:sha256:000000000000000000000000000000000000000000000000000000000000003f,hash,sample_63,2025-08-16
hash:sha256:0000000000000000000000000000000000000000000000000000000000000040,hash,sample_64,2024-09-13
hash:sha256:0000000000000000000000000000000000000000000000000000000000000041,hash,sample_65,2024-11-17
hash:sha256:0000000000000000000000000000000000000000000000000000000000000042,hash,sample_66,2024-10-10
hash:sha256:0000000000000000000000000000000000000000000000000000000000000043,hash,sample_67,2025-06-04
hash:sha256:0000000000000000000000000000000000000000000000000000000000000044,hash,sample_68,2024-12-03
hash:sha256:0000000000000000000000000000000000000000000000000000000000000045,hash,sample_69,2024-11-13
hash:sha256:0000000000000000000000000000000000000000000000000000000000000046,hash,sample_70,2024-09-26
hash:sha256:0000000000000000000000000000000000000000000000000000000000000047,hash,sample_71,2024-09-10
hash:sha256:0000000000000000000000000000000000000000000000000000000000000048,hash,sample_72,2024-09-09
hash:sha256:0000000000000000000000000000000000000000000000000000000000000049,hash,sample_73,2025-03-04
hash:sha256:000000000000000000000000000000000000000000000000000000000000004a,hash,sample_74,2025-06-30
hash:sha256:000000000000000000000000000000000000000000000000000000000000004b,hash,sample_75,2025-03-01
hash:sha256:000000000000000000000000000000000000000000000000000000000000004c,hash,sample_76,2025-03-26
hash:sha256:000000000000000000000000000000000000000000000000000000000000004d,hash,sample_77,2025-05-04
hash:sha256:000000000000000000000000000000000000000000000000000000000000004e,hash,sample_78,2025-04-23
hash:sha256:000000000000000000000000000000000000000000000000000000000000004f,hash,sample_79,2025-02-19
hash:sha256:0000000000000000000000000000000000000000000000000000000000000050,hash,sample_80,2025-05-17
hash:sha256:0000000000000000000000000000000000000000000000000000000000000051,hash,sample_81,2024-10-01
hash:sha256:0000000000000000000000000000000000000000000000000000000000000052,hash,sample_82,2025-04-25
hash:sha256:0000000000000000000000000000000000000000000000000000000000000053,hash,sample_83,2025-03-29
hash:sha256:0000000000000000000000000000000000000000000000000000000000000054,hash,sample_84,2025-05-10
hash:sha256:0000000000000000000000000000000000000000000000000000000000000055,hash,sample_85,2025-03-23
hash:sha256:0000000000000000000000000000000000000000000000000000000000000056,hash,sample_86,2025-04-01
hash:sha256:0000000000000000000000000000000000000000000000000000000000000057,hash,sample_87,2025-07-05
hash:sha256:0000000000000000000000000000000000000000000000000000000000000058,hash,sample_88,2024-11-04
hash:sha256:0000000000000000000000000000000000000000000000000000000000000059,hash,sample_89,2025-01-20
hash:sha256:000000000000000000000000000000000000000000000000000000000000005a,hash,sample_90,2025-01-12
hash:sha256:000000000000000000000000000000000000000000000000000000000000005b,hash,sample_91,2024-10-25
hash:sha256:000000000000000000000000000000000000000000000000000000000000005c,hash,sample_92,2025-03-14
hash:sha256:000000000000000000000000000000000000000000000000000000000000005d,hash,sample_93,2025-05-18
hash:sha256:000000000000000000000000000000000000000000000000000000000000005e,hash,sample_94,2025-06-19
hash:sha256:000000000000000000000000000000000000000000000000000000000000005f,hash,sample_95,2025-05-03
hash:sha256:0000000000000000000000000000000000000000000000000000000000000060,hash,sample_96,2025-04-27
hash:sha256:0000000000000000000000000000000000000000000000000000000000000061,hash,sample_97,2025-05-16
hash:sha256:0000000000000000000000000000000000000000000000000000000000000062,hash,sample_98,2025-08-20
hash:sha256:0000000000000000000000000000000000000000000000000000000000000063,hash,sample_99,2024-12-25
hash:sha256:0000000000000000000000000000000000000000000000000000000000000064,hash,sample_100,2024-12-12
hash:sha256:0000000000000000000000000000000000000000000000000000000000000065,hash,sample_101,2025-03-06
hash:sha256:0000000000000000000000000000000000000000000000000000000000000066,hash,sample_102,2024-09-06
hash:sha256:0000000000000000000000000000000000000000000000000000000000000067,hash,sample_103,2024-09-02
hash:sha256:0000000000000000000000000000000000000000000000000000000000000068,hash,sample_104,2024-12-25
hash:sha256:0000000000000000000000000000000000000000000000000000000000000069,hash,sample_105,2025-06-22
hash:sha256:000000000000000000000000000000000000000000000000000000000000006a,hash,sample_106,2024-12-24
hash:sha256:000000000000000000000000000000000000000000000000000000000000006b,hash,sample_107,2024-11-01
hash:sha256:000000000000000000000000000000000000000000000000000000000000006c,hash,sample_108,2024-12-23
hash:sha256:000000000000000000000000000000000000000000000000000000000000006d,hash,sample_109,2024-09-06
hash:sha256:000000000000000000000000000000000000000000000000000000000000006e,hash,sample_110,2025-05-21
hash:sha256:000000000000000000000000000000000000000000000000000000000000006f,hash,sample_111,2025-01-05
hash:sha256:0000000000000000000000000000000000000000000000000000000000000070,hash,sample_112,2024-12-30
hash:sha256:0000000000000000000000000000000000000000000000000000000000000071,hash,sample_113,2024-12-09
hash:sha256:0000000000000000000000000000000000000000000000000000000000000072,hash,sample_114,2025-03-31
hash:sha256:0000000000000000000000000000000000000000000000000000000000000073,hash,sample_115,2024-09-21
hash:sha256:0000000000000000000000000000000000000000000000000000000000000074,hash,sample_116,2025-01-09
hash:sha256:0000000000000000000000000000000000000000000000000000000000000075,hash,sample_117,2025-08-11
hash:sha256:0000000000000000000000000000000000000000000000000000000000000076,hash,sample_118,2025-03-01
hash:sha256:0000000000000000000000000000000000000000000000000000000000000077,hash,sample_119,2024-10-01
hash:sha256:0000000000000000000000000000000000000000000000000000000000000078,hash,sample_120,2024-12-18
hash:sha256:0000000000000000000000000000000000000000000000000000000000000079,hash,sample_121,2025-03-17
hash:sha256:000000000000000000000000000000000000000000000000000000000000007a,hash,sample_122,2025-02-16
hash:sha256:000000000000000000000000000000000000000000000000000000000000007b,hash,sample_123,2024-12-22
hash:sha256:000000000000000000000000000000000000000000000000000000000000007c,hash,sample_124,2025-02-26
hash:sha256:000000000000000000000000000000000000000000000000000000000000007d,hash,sample_125,2025-06-16
hash:sha256:000000000000000000000000000000000000000000000000000000000000007e,hash,sample_126,2024-12-13
hash:sha256:000000000000000000000000000000000000000000000000000000000000007f,hash,sample_127,2025-02-27
hash:sha256:0000000000000000000000000000000000000000000000000000000000000080,hash,sample_128,2024-10-05
hash:sha256:0000000000000000000000000000000000000000000000000000000000000081,hash,sample_129,2025-07-16
hash:sha256:0000000000000000000000000000000000000000000000000000000000000082,hash,sample_130,2024-11-12
hash:sha256:0000000000000000000000000000000000000000000000000000000000000083,hash,sample_131,2025-02-04
hash:sha256:0000000000000000000000000000000000000000000000000000000000000084,hash,sample_132,2024-08-31
hash:sha256:0000000000000000000000000000000000000000000000000000000000000085,hash,sample_133,2025-05-14
hash:sha256:0000000000000000000000000000000000000000000000000000000000000086,hash,sample_134,2024-09-01
hash:sha256:0000000000000000000000000000000000000000000000000000000000000087,hash,sample_135,2024-09-16
hash:sha256:0000000000000000000000000000000000000000000000000000000000000088,hash,sample_136,2024-12-04
hash:sha256:0000000000000000000000000000000000000000000000000000000000000089,hash,sample_137,2024-10-22
hash:sha256:000000000000000000000000000000000000000000000000000000000000008a,hash,sample_138,2025-01-11
hash:sha256:000000000000000000000000000000000000000000000000000000000000008b,hash,sample_139,2024-09-27
hash:sha256:000000000000000000000000000000000000000000000000000000000000008c,hash,sample_140,2024-12-16
hash:sha256:000000000000000000000000000000000000000000000000000000000000008d,hash,sample_141,2024-10-05
hash:sha256:000000000000000000000000000000000000000000000000000000000000008e,hash,sample_142,2025-05-31
hash:sha256:000000000000000000000000000000000000000000000000000000000000008f,hash,sample_143,2025-01-10
hash:sha256:0000000000000000000000000000000000000000000000000000000000000090,hash,sample_144,2025-01-27
hash:sha256:0000000000000000000000000000000000000000000000000000000000000091,hash,sample_145,2025-05-28
hash:sha256:0000000000000000000000000000000000000000000000000000000000000092,hash,sample_146,2024-11-14
hash:sha256:0000000000000000000000000000000000000000000000000000000000000093,hash,sample_147,2025-04-13
hash:sha256:0000000000000000000000000000000000000000000000000000000000000094,hash,sample_148,2025-06-14
hash:sha256:0000000000000000000000000000000000000000000000000000000000000095,hash,sample_149,2024-11-17
hash:sha256:0000000000000000000000000000000000000000000000000000000000000096,hash,sample_150,2025-07-21
hash:sha256:0000000000000000000000000000000000000000000000000000000000000097,hash,sample_151,2025-06-05
hash:sha256:0000000000000000000000000000000000000000000000000000000000000098,hash,sample_152,2025-02-15
hash:sha256:0000000000000000000000000000000000000000000000000000000000000099,hash,sample_153,2025-06-23
hash:sha256:000000000000000000000000000000000000000000000000000000000000009a,hash,sample_154,2024-10-28
hash:sha256:000000000000000000000000000000000000000000000000000000000000009b,hash,sample_155,2025-03-02
hash:sha256:000000000000000000000000000000000000000000000000000000000000009c,hash,sample_156,2025-02-14
hash:sha256:000000000000000000000000000000000000000000000000000000000000009d,hash,sample_157,2024-11-19
hash:sha256:000000000000000000000000000000000000000000000000000000000000009e,hash,sample_158,2025-03-27
hash:sha256:000000000000000000000000000000000000000000000000000000000000009f,hash,sample_159,2025-05-30
hash:sha256:00000000000000000000000000000000000000000000000000000000000000a0,hash,sample_160,2024-10-09
hash:sha256:00000000000000000000000000000000000000000000000000000000000000a1,hash,sample_161,2024-09-18
hash:sha256:00000000000000000000000000000000000000000000000000000000000000a2,hash,sample_162,2024-11-13
hash:sha256:00000000000000000000000000000000000000000000000000000000000000a3,hash,sample_163,2025-04-01
hash:sha256:00000000000000000000000000000000000000000000000000000000000000a4,hash,sample_164,2024-12-05
hash:sha256:00000000000000000000000000000000000000000000000000000000000000a5,hash,sample_165,2025-07-12
hash:sha256:00000000000000000000000000000000000000000000000000000000000000a6,hash,sample_166,2024-12-06
hash:sha256:00000000000000000000000000000000000000000000000000000000000000a7,hash,sample_167,2024-10-30
hash:sha256:00000000000000000000000000000000000000000000000000000000000000a8,hash,sample_168,2024-10-10
hash:sha256:00000000000000000000000000000000000000000000000000000000000000a9,hash,sample_169,2024-11-26
hash:sha256:00000000000000000000000000000000000000000000000000000000000000aa,hash,sample_170,2024-12-27
hash:sha256:00000000000000000000000000000000000000000000000000000000000000ab,hash,sample_171,2025-01-28
hash:sha256:00000000000000000000000000000000000000000000000000000000000000ac,hash,sample_172,2025-01-16
hash:sha256:00000000000000000000000000000000000000000000000000000000000000ad,hash,sample_173,2025-07-16
hash:sha256:00000000000000000000000000000000000000000000000000000000000000ae,hash,sample_174,2024-10-16
hash:sha256:00000000000000000000000000000000000000000000000000000000000000af,hash,sample_175,2025-06-27
hash:sha256:00000000000000000000000000000000000000000000000000000000000000b0,hash,sample_176,2024-09-01
hash:sha256:00000000000000000000000000000000000000000000000000000000000000b1,hash,sample_177,2024-11-16
hash:sha256:00000000000000000000000000000000000000000000000000000000000000b2,hash,sample_178,2025-01-04
hash:sha256:00000000000000000000000000000000000000000000000000000000000000b3,hash,sample_179,2025-05-04
hash:sha256:00000000000000000000000000000000000000000000000000000000000000b4,hash,sample_180,2025-05-21
hash:sha256:00000000000000000000000000000000000000000000000000000000000000b5,hash,sample_181,2025-04-30
hash:sha256:00000000000000000000000000000000000000000000000000000000000000b6,hash,sample_182,2024-10-06
hash:sha256:00000000000000000000000000000000000000000000000000000000000000b7,hash,sample_183,2024-10-17
hash:sha256:00000000000000000000000000000000000000000000000000000000000000b8,hash,sample_184,2024-10-22
hash:sha256:00000000000000000000000000000000000000000000000000000000000000b9,hash,sample_185,2024-10-11
hash:sha256:00000000000000000000000000000000000000000000000000000000000000ba,hash,sample_186,2024-11-04
hash:sha256:00000000000000000000000000000000000000000000000000000000000000bb,hash,sample_187,2025-07-20
hash:sha256:00000000000000000000000000000000000000000000000000000000000000bc,hash,sample_188,2025-06-30
hash:sha256:00000000000000000000000000000000000000000000000000000000000000bd,hash,sample_189,2025-08-10
hash:sha256:00000000000000000000000000000000000000000000000000000000000000be,hash,sample_190,2025-01-08
hash:sha256:00000000000000000000000000000000000000000000000000000000000000bf,hash,sample_191,2025-02-25
hash:sha256:00000000000000000000000000000000000000000000000000000000000000c0,hash,sample_192,2025-05-18
hash:sha256:00000000000000000000000000000000000000000000000000000000000000c1,hash,sample_193,2025-08-13
hash:sha256:00000000000000000000000000000000000000000000000000000000000000c2,hash,sample_194,2025-03-21
hash:sha256:00000000000000000000000000000000000000000000000000000000000000c3,hash,sample_195,2025-07-24
hash:sha256:00000000000000000000000000000000000000000000000000000000000000c4,hash,sample_196,2024-12-14
hash:sha256:00000000000000000000000000000000000000000000000000000000000000c5,hash,sample_197,2025-08-17
hash:sha256:00000000000000000000000000000000000000000000000000000000000000c6,hash,sample_198,2025-06-10
hash:sha256:00000000000000000000000000000000000000000000000000000000000000c7,hash,sample_199,2025-01-04
hash:sha256:00000000000000000000000000000000000000000000000000000000000000c8,hash,sample_200,2025-05-19
hash:sha256:00000000000000000000000000000000000000000000000000000000000000c9,hash,sample_201,2024-09-13
hash:sha256:00000000000000000000000000000000000000000000000000000000000000ca,hash,sample_202,2025-02-07
hash:sha256:00000000000000000000000000000000000000000000000000000000000000cb,hash,sample_203,2024-09-18
hash:sha256:00000000000000000000000000000000000000000000000000000000000000cc,hash,sample_204,2024-09-28
hash:sha256:00000000000000000000000000000000000000000000000000000000000000cd,hash,sample_205,2025-07-03
hash:sha256:00000000000000000000000000000000000000000000000000000000000000ce,hash,sample_206,2025-04-27
hash:sha256:00000000000000000000000000000000000000000000000000000000000000cf,hash,sample_207,2024-12-04
hash:sha256:00000000000000000000000000000000000000000000000000000000000000d0,hash,sample_208,2025-08-19
hash:sha256:00000000000000000000000000000000000000000000000000000000000000d1,hash,sample_209,2025-04-23
hash:sha256:00000000000000000000000000000000000000000000000000000000000000d2,hash,sample_210,2025-01-08
hash:sha256:00000000000000000000000000000000000000000000000000000000000000d3,hash,sample_211,2024-10-25
hash:sha256:00000000000000000000000000000000000000000000000000000000000000d4,hash,sample_212,2024-10-01
hash:sha256:00000000000000000000000000000000000000000000000000000000000000d5,hash,sample_213,2025-07-17
hash:sha256:00000000000000000000000000000000000000000000000000000000000000d6,hash,sample_214,2024-10-25
hash:sha256:00000000000000000000000000000000000000000000000000000000000000d7,hash,sample_215,2024-11-03
hash:sha256:00000000000000000000000000000000000000000000000000000000000000d8,hash,sample_216,2025-01-03
hash:sha256:00000000000000000000000000000000000000000000000000000000000000d9,hash,sample_217,2025-07-02
hash:sha256:00000000000000000000000000000000000000000000000000000000000000da,hash,sample_218,2024-12-28
hash:sha256:00000000000000000000000000000000000000000000000000000000000000db,hash,sample_219,2025-08-19
hash:sha256:00000000000000000000000000000000000000000000000000000000000000dc,hash,sample_220,2024-09-26
hash:sha256:00000000000000000000000000000000000000000000000000000000000000dd,hash,sample_221,2024-10-15
hash:sha256:00000000000000000000000000000000000000000000000000000000000000de,hash,sample_222,2024-12-03
hash:sha256:00000000000000000000000000000000000000000000000000000000000000df,hash,sample_223,2025-08-07
hash:sha256:00000000000000000000000000000000000000000000000000000000000000e0,hash,sample_224,2025-08-03
hash:sha256:00000000000000000000000000000000000000000000000000000000000000e1,hash,sample_225,2025-04-12
hash:sha256:00000000000000000000000000000000000000000000000000000000000000e2,hash,sample_226,2025-08-24
hash:sha256:00000000000000000000000000000000000000000000000000000000000000e3,hash,sample_227,2025-04-02
hash:sha256:00000000000000000000000000000000000000000000000000000000000000e4,hash,sample_228,2024-12-12
hash:sha256:00000000000000000000000000000000000000000000000000000000000000e5,hash,sample_229,2024-10-27
hash:sha256:00000000000000000000000000000000000000000000000000000000000000e6,hash,sample_230,2025-04-16
hash:sha256:00000000000000000000000000000000000000000000000000000000000000e7,hash,sample_231,2024-10-24
hash:sha256:00000000000000000000000000000000000000000000000000000000000000e8,hash,sample_232,2024-11-16
hash:sha256:00000000000000000000000000000000000000000000000000000000000000e9,hash,sample_233,2025-03-23
hash:sha256:00000000000000000000000000000000000000000000000000000000000000ea,hash,sample_234,2024-12-29
hash:sha256:00000000000000000000000000000000000000000000000000000000000000eb,hash,sample_235,2025-04-11
hash:sha256:00000000000000000000000000000000000000000000000000000000000000ec,hash,sample_236,2025-02-03
hash:sha256:00000000000000000000000000000000000000000000000000000000000000ed,hash,sample_237,2024-12-30
hash:sha256:00000000000000000000000000000000000000000000000000000000000000ee,hash,sample_238,2025-06-21
hash:sha256:00000000000000000000000000000000000000000000000000000000000000ef,hash,sample_239,2025-01-17
hash:sha256:00000000000000000000000000000000000000000000000000000000000000f0,hash,sample_240,2025-08-04
hash:sha256:00000000000000000000000000000000000000000000000000000000000000f1,hash,sample_241,2025-01-19
hash:sha256:00000000000000000000000000000000000000000000000000000000000000f2,hash,sample_242,2025-05-16
hash:sha256:00000000000000000000000000000000000000000000000000000000000000f3,hash,sample_243,2024-09-11
hash:sha256:00000000000000000000000000000000000000000000000000000000000000f4,hash,sample_244,2025-05-06
hash:sha256:00000000000000000000000000000000000000000000000000000000000000f5,hash,sample_245,2025-02-07
hash:sha256:00000000000000000000000000000000000000000000000000000000000000f6,hash,sample_246,2024-10-01
hash:sha256:00000000000000000000000000000000000000000000000000000000000000f7,hash,sample_247,2025-01-03
hash:sha256:00000000000000000000000000000000000000000000000000000000000000f8,hash,sample_248,2025-04-12
hash:sha256:00000000000000000000000000000000000000000000000000000000000000f9,hash,sample_249,2024-12-23
hash:sha256:00000000000000000000000000000000000000000000000000000000000000fa,hash,sample_250,2025-03-27
hash:sha256:00000000000000000000000000000000000000000000000000000000000000fb,hash,sample_251,2024-08-27
hash:sha256:00000000000000000000000000000000000000000000000000000000000000fc,hash,sample_252,2024-12-10
hash:sha256:00000000000000000000000000000000000000000000000000000000000000fd,hash,sample_253,2025-02-13
hash:sha256:00000000000000000000000000000000000000000000000000000000000000fe,hash,sample_254,2025-07-22
hash:sha256:00000000000000000000000000000000000000000000000000000000000000ff,hash,sample_255,2025-03-04
hash:sha256:0000000000000000000000000000000000000000000000000000000000000100,hash,sample_256,2025-07-15
hash:sha256:0000000000000000000000000000000000000000000000000000000000000101,hash,sample_257,2025-02-05
hash:sha256:0000000000000000000000000000000000000000000000000000000000000102,hash,sample_258,2025-06-15
hash:sha256:0000000000000000000000000000000000000000000000000000000000000103,hash,sample_259,2025-01-24
hash:sha256:0000000000000000000000000000000000000000000000000000000000000104,hash,sample_260,2024-11-14
hash:sha256:0000000000000000000000000000000000000000000000000000000000000105,hash,sample_261,2025-01-01
hash:sha256:0000000000000000000000000000000000000000000000000000000000000106,hash,sample_262,2024-12-07
hash:sha256:0000000000000000000000000000000000000000000000000000000000000107,hash,sample_263,2024-12-10
hash:sha256:0000000000000000000000000000000000000000000000000000000000000108,hash,sample_264,2024-12-23
hash:sha256:0000000000000000000000000000000000000000000000000000000000000109,hash,sample_265,2025-07-18
hash:sha256:000000000000000000000000000000000000000000000000000000000000010a,hash,sample_266,2025-07-31
hash:sha256:000000000000000000000000000000000000000000000000000000000000010b,hash,sample_267,2025-05-30
hash:sha256:000000000000000000000000000000000000000000000000000000000000010c,hash,sample_268,2024-12-22
hash:sha256:000000000000000000000000000000000000000000000000000000000000010d,hash,sample_269,2024-12-08
hash:sha256:000000000000000000000000000000000000000000000000000000000000010e,hash,sample_270,2025-07-03
hash:sha256:000000000000000000000000000000000000000000000000000000000000010f,hash,sample_271,2025-05-06
hash:sha256:0000000000000000000000000000000000000000000000000000000000000110,hash,sample_272,2025-05-01
hash:sha256:0000000000000000000000000000000000000000000000000000000000000111,hash,sample_273,2025-01-19
hash:sha256:0000000000000000000000000000000000000000000000000000000000000112,hash,sample_274,2024-10-15
hash:sha256:0000000000000000000000000000000000000000000000000000000000000113,hash,sample_275,2024-12-21
hash:sha256:0000000000000000000000000000000000000000000000000000000000000114,hash,sample_276,2025-03-22
hash:sha256:0000000000000000000000000000000000000000000000000000000000000115,hash,sample_277,2025-08-19
hash:sha256:0000000000000000000000000000000000000000000000000000000000000116,hash,sample_278,2024-08-29
hash:sha256:0000000000000000000000000000000000000000000000000000000000000117,hash,sample_279,2025-08-05
hash:sha256:0000000000000000000000000000000000000000000000000000000000000118,hash,sample_280,2025-06-29
hash:sha256:0000000000000000000000000000000000000000000000000000000000000119,hash,sample_281,2025-03-07
hash:sha256:000000000000000000000000000000000000000000000000000000000000011a,hash,sample_282,2025-05-08
hash:sha256:000000000000000000000000000000000000000000000000000000000000011b,hash,sample_283,2025-01-04
hash:sha256:000000000000000000000000000000000000000000000000000000000000011c,hash,sample_284,2024-11-25
hash:sha256:000000000000000000000000000000000000000000000000000000000000011d,hash,sample_285,2025-06-20
hash:sha256:000000000000000000000000000000000000000000000000000000000000011e,hash,sample_286,2025-07-17
hash:sha256:000000000000000000000000000000000000000000000000000000000000011f,hash,sample_287,2025-03-22
hash:sha256:0000000000000000000000000000000000000000000000000000000000000120,hash,sample_288,2025-07-16
hash:sha256:0000000000000000000000000000000000000000000000000000000000000121,hash,sample_289,2025-03-07
hash:sha256:0000000000000000000000000000000000000000000000000000000000000122,hash,sample_290,2025-01-13
hash:sha256:0000000000000000000000000000000000000000000000000000000000000123,hash,sample_291,2025-06-19
hash:sha256:0000000000000000000000000000000000000000000000000000000000000124,hash,sample_292,2024-10-08
hash:sha256:0000000000000000000000000000000000000000000000000000000000000125,hash,sample_293,2025-04-14
hash:sha256:0000000000000000000000000000000000000000000000000000000000000126,hash,sample_294,2025-02-27
hash:sha256:0000000000000000000000000000000000000000000000000000000000000127,hash,sample_295,2025-05-29
hash:sha256:0000000000000000000000000000000000000000000000000000000000000128,hash,sample_296,2025-07-16
hash:sha256:0000000000000000000000000000000000000000000000000000000000000129,hash,sample_297,2025-03-30
hash:sha256:000000000000000000000000000000000000000000000000000000000000012a,hash,sample_298,2025-05-03
hash:sha256:000000000000000000000000000000000000000000000000000000000000012b,hash,sample_299,2024-12-14
hash:sha256:000000000000000000000000000000000000000000000000000000000000012c,hash,sample_300,2025-03-12
hash:sha256:000000000000000000000000000000000000000000000000000000000000012d,hash,sample_301,2025-07-26
hash:sha256:000000000000000000000000000000000000000000000000000000000000012e,hash,sample_302,2024-10-27
hash:sha256:000000000000000000000000000000000000000000000000000000000000012f,hash,sample_303,2024-10-22
hash:sha256:0000000000000000000000000000000000000000000000000000000000000130,hash,sample_304,2025-01-22
hash:sha256:0000000000000000000000000000000000000000000000000000000000000131,hash,sample_305,2025-01-21
hash:sha256:0000000000000000000000000000000000000000000000000000000000000132,hash,sample_306,2025-03-28
hash:sha256:0000000000000000000000000000000000000000000000000000000000000133,hash,sample_307,2025-07-29
hash:sha256:0000000000000000000000000000000000000000000000000000000000000134,hash,sample_308,2024-08-30
hash:sha256:0000000000000000000000000000000000000000000000000000000000000135,hash,sample_309,2024-10-10
hash:sha256:0000000000000000000000000000000000000000000000000000000000000136,hash,sample_310,2025-02-17
hash:sha256:0000000000000000000000000000000000000000000000000000000000000137,hash,sample_311,2025-04-12
hash:sha256:0000000000000000000000000000000000000000000000000000000000000138,hash,sample_312,2025-06-07
hash:sha256:0000000000000000000000000000000000000000000000000000000000000139,hash,sample_313,2025-07-31
hash:sha256:000000000000000000000000000000000000000000000000000000000000013a,hash,sample_314,2024-11-03
hash:sha256:000000000000000000000000000000000000000000000000000000000000013b,hash,sample_315,2025-01-05
hash:sha256:000000000000000000000000000000000000000000000000000000000000013c,hash,sample_316,2025-02-09
hash:sha256:000000000000000000000000000000000000000000000000000000000000013d,hash,sample_317,2025-05-01
hash:sha256:000000000000000000000000000000000000000000000000000000000000013e,hash,sample_318,2025-03-10
hash:sha256:000000000000000000000000000000000000000000000000000000000000013f,hash,sample_319,2025-04-03
hash:sha256:0000000000000000000000000000000000000000000000000000000000000140,hash,sample_320,2025-05-20
hash:sha256:0000000000000000000000000000000000000000000000000000000000000141,hash,sample_321,2025-08-17
hash:sha256:0000000000000000000000000000000000000000000000000000000000000142,hash,sample_322,2024-12-31
hash:sha256:0000000000000000000000000000000000000000000000000000000000000143,hash,sample_323,2024-12-30
hash:sha256:0000000000000000000000000000000000000000000000000000000000000144,hash,sample_324,2025-07-04
hash:sha256:0000000000000000000000000000000000000000000000000000000000000145,hash,sample_325,2025-05-13
hash:sha256:0000000000000000000000000000000000000000000000000000000000000146,hash,sample_326,2025-02-18
hash:sha256:0000000000000000000000000000000000000000000000000000000000000147,hash,sample_327,2025-03-18
hash:sha256:0000000000000000000000000000000000000000000000000000000000000148,hash,sample_328,2024-12-14
hash:sha256:0000000000000000000000000000000000000000000000000000000000000149,hash,sample_329,2025-04-20
hash:sha256:000000000000000000000000000000000000000000000000000000000000014a,hash,sample_330,2025-03-29
hash:sha256:000000000000000000000000000000000000000000000000000000000000014b,hash,sample_331,2025-04-15
hash:sha256:000000000000000000000000000000000000000000000000000000000000014c,hash,sample_332,2025-01-19
hash:sha256:000000000000000000000000000000000000000000000000000000000000014d,hash,sample_333,2025-02-10
hash:sha256:000000000000000000000000000000000000000000000000000000000000014e,hash,sample_334,2025-04-09
hash:sha256:000000000000000000000000000000000000000000000000000000000000014f,hash,sample_335,2025-07-21
hash:sha256:0000000000000000000000000000000000000000000000000000000000000150,hash,sample_336,2025-04-19
hash:sha256:0000000000000000000000000000000000000000000000000000000000000151,hash,sample_337,2025-06-30
hash:sha256:0000000000000000000000000000000000000000000000000000000000000152,hash,sample_338,2025-03-05
hash:sha256:0000000000000000000000000000000000000000000000000000000000000153,hash,sample_339,2024-09-07
hash:sha256:0000000000000000000000000000000000000000000000000000000000000154,hash,sample_340,2025-07-29
hash:sha256:0000000000000000000000000000000000000000000000000000000000000155,hash,sample_341,2025-05-06
hash:sha256:0000000000000000000000000000000000000000000000000000000000000156,hash,sample_342,2024-09-30
hash:sha256:0000000000000000000000000000000000000000000000000000000000000157,hash,sample_343,2024-10-20
hash:sha256:0000000000000000000000000000000000000000000000000000000000000158,hash,sample_344,2025-07-25
hash:sha256:0000000000000000000000000000000000000000000000000000000000000159,hash,sample_345,2025-03-26
hash:sha256:000000000000000000000000000000000000000000000000000000000000015a,hash,sample_346,2025-02-11
hash:sha256:000000000000000000000000000000000000000000000000000000000000015b,hash,sample_347,2024-10-30
hash:sha256:000000000000000000000000000000000000000000000000000000000000015c,hash,sample_348,2025-02-17
hash:sha256:000000000000000000000000000000000000000000000000000000000000015d,hash,sample_349,2025-06-02
hash:sha256:000000000000000000000000000000000000000000000000000000000000015e,hash,sample_350,2025-07-25
hash:sha256:000000000000000000000000000000000000000000000000000000000000015f,hash,sample_351,2024-11-30
hash:sha256:0000000000000000000000000000000000000000000000000000000000000160,hash,sample_352,2024-09-05
hash:sha256:0000000000000000000000000000000000000000000000000000000000000161,hash,sample_353,2024-09-25
hash:sha256:0000000000000000000000000000000000000000000000000000000000000162,hash,sample_354,2025-04-14
hash:sha256:0000000000000000000000000000000000000000000000000000000000000163,hash,sample_355,2024-12-19
hash:sha256:0000000000000000000000000000000000000000000000000000000000000164,hash,sample_356,2025-07-05
hash:sha256:0000000000000000000000000000000000000000000000000000000000000165,hash,sample_357,2024-12-03
hash:sha256:0000000000000000000000000000000000000000000000000000000000000166,hash,sample_358,2024-10-16
hash:sha256:0000000000000000000000000000000000000000000000000000000000000167,hash,sample_359,2025-02-26
hash:sha256:0000000000000000000000000000000000000000000000000000000000000168,hash,sample_360,2024-12-23
hash:sha256:0000000000000000000000000000000000000000000000000000000000000169,hash,sample_361,2024-10-09
hash:sha256:000000000000000000000000000000000000000000000000000000000000016a,hash,sample_362,2025-04-22
hash:sha256:000000000000000000000000000000000000000000000000000000000000016b,hash,sample_363,2024-11-29
hash:sha256:000000000000000000000000000000000000000000000000000000000000016c,hash,sample_364,2025-07-04
hash:sha256:000000000000000000000000000000000000000000000000000000000000016d,hash,sample_365,2025-06-03
hash:sha256:000000000000000000000000000000000000000000000000000000000000016e,hash,sample_366,2025-04-28
hash:sha256:000000000000000000000000000000000000000000000000000000000000016f,hash,sample_367,2024-11-29
hash:sha256:0000000000000000000000000000000000000000000000000000000000000170,hash,sample_368,2025-06-07
hash:sha256:0000000000000000000000000000000000000000000000000000000000000171,hash,sample_369,2024-12-03
hash:sha256:0000000000000000000000000000000000000000000000000000000000000172,hash,sample_370,2025-03-07
hash:sha256:0000000000000000000000000000000000000000000000000000000000000173,hash,sample_371,2025-05-26
hash:sha256:0000000000000000000000000000000000000000000000000000000000000174,hash,sample_372,2025-03-18
hash:sha256:0000000000000000000000000000000000000000000000000000000000000175,hash,sample_373,2024-09-18
hash:sha256:0000000000000000000000000000000000000000000000000000000000000176,hash,sample_374,2025-01-31
hash:sha256:0000000000000000000000000000000000000000000000000000000000000177,hash,sample_375,2024-09-20
hash:sha256:0000000000000000000000000000000000000000000000000000000000000178,hash,sample_376,2025-03-18
hash:sha256:0000000000000000000000000000000000000000000000000000000000000179,hash,sample_377,2025-07-22
hash:sha256:000000000000000000000000000000000000000000000000000000000000017a,hash,sample_378,2024-10-10
hash:sha256:000000000000000000000000000000000000000000000000000000000000017b,hash,sample_379,2024-09-11
hash:sha256:000000000000000000000000000000000000000000000000000000000000017c,hash,sample_380,2025-04-03
hash:sha256:000000000000000000000000000000000000000000000000000000000000017d,hash,sample_381,2025-07-18
hash:sha256:000000000000000000000000000000000000000000000000000000000000017e,hash,sample_382,2025-03-07
hash:sha256:000000000000000000000000000000000000000000000000000000000000017f,hash,sample_383,2024-09-26
hash:sha256:0000000000000000000000000000000000000000000000000000000000000180,hash,sample_384,2025-03-03
hash:sha256:0000000000000000000000000000000000000000000000000000000000000181,hash,sample_385,2025-04-11
hash:sha256:0000000000000000000000000000000000000000000000000000000000000182,hash,sample_386,2024-11-08
hash:sha256:0000000000000000000000000000000000000000000000000000000000000183,hash,sample_387,2025-08-15
hash:sha256:0000000000000000000000000000000000000000000000000000000000000184,hash,sample_388,2025-07-19
hash:sha256:0000000000000000000000000000000000000000000000000000000000000185,hash,sample_389,2024-12-04
hash:sha256:0000000000000000000000000000000000000000000000000000000000000186,hash,sample_390,2025-05-11
hash:sha256:0000000000000000000000000000000000000000000000000000000000000187,hash,sample_391,2025-03-17
hash:sha256:0000000000000000000000000000000000000000000000000000000000000188,hash,sample_392,2024-10-24
hash:sha256:0000000000000000000000000000000000000000000000000000000000000189,hash,sample_393,2025-02-16
hash:sha256:000000000000000000000000000000000000000000000000000000000000018a,hash,sample_394,2024-12-11
hash:sha256:000000000000000000000000000000000000000000000000000000000000018b,hash,sample_395,2025-04-02
hash:sha256:000000000000000000000000000000000000000000000000000000000000018c,hash,sample_396,2025-03-20
hash:sha256:000000000000000000000000000000000000000000000000000000000000018d,hash,sample_397,2025-04-06
hash:sha256:000000000000000000000000000000000000000000000000000000000000018e,hash,sample_398,2025-02-07
hash:sha256:000000000000000000000000000000000000000000000000000000000000018f,hash,sample_399,2024-09-19
hash:sha256:0000000000000000000000000000000000000000000000000000000000000190,hash,sample_400,2025-07-22
cert:sha1:0000000000000000000000000000000000000001,cert,CN=FakeCert1,2024-10-27
cert:sha1:0000000000000000000000000000000000000002,cert,CN=FakeCert2,2025-03-06
cert:sha1:0000000000000000000000000000000000000003,cert,CN=FakeCert3,2025-03-18
cert:sha1:0000000000000000000000000000000000000004,cert,CN=FakeCert4,2025-03-25
cert:sha1:0000000000000000000000000000000000000005,cert,CN=FakeCert5,2025-06-18
cert:sha1:0000000000000000000000000000000000000006,cert,CN=FakeCert6,2024-10-13
cert:sha1:0000000000000000000000000000000000000007,cert,CN=FakeCert7,2025-08-12
cert:sha1:0000000000000000000000000000000000000008,cert,CN=FakeCert8,2025-08-02
cert:sha1:0000000000000000000000000000000000000009,cert,CN=FakeCert9,2025-05-09
cert:sha1:000000000000000000000000000000000000000a,cert,CN=FakeCert10,2025-04-27
cert:sha1:000000000000000000000000000000000000000b,cert,CN=FakeCert11,2025-07-19
cert:sha1:000000000000000000000000000000000000000c,cert,CN=FakeCert12,2025-07-08
cert:sha1:000000000000000000000000000000000000000d,cert,CN=FakeCert13,2024-11-29
cert:sha1:000000000000000000000000000000000000000e,cert,CN=FakeCert14,2024-11-04
cert:sha1:000000000000000000000000000000000000000f,cert,CN=FakeCert15,2025-07-30
cert:sha1:0000000000000000000000000000000000000010,cert,CN=FakeCert16,2024-11-14
cert:sha1:0000000000000000000000000000000000000011,cert,CN=FakeCert17,2025-06-03
cert:sha1:0000000000000000000000000000000000000012,cert,CN=FakeCert18,2025-07-02
cert:sha1:0000000000000000000000000000000000000013,cert,CN=FakeCert19,2025-03-09
cert:sha1:0000000000000000000000000000000000000014,cert,CN=FakeCert20,2025-02-05
cert:sha1:0000000000000000000000000000000000000015,cert,CN=FakeCert21,2025-06-16
cert:sha1:0000000000000000000000000000000000000016,cert,CN=FakeCert22,2024-12-25
cert:sha1:0000000000000000000000000000000000000017,cert,CN=FakeCert23,2025-05-16
cert:sha1:0000000000000000000000000000000000000018,cert,CN=FakeCert24,2025-03-08
cert:sha1:0000000000000000000000000000000000000019,cert,CN=FakeCert25,2024-11-30
cert:sha1:000000000000000000000000000000000000001a,cert,CN=FakeCert26,2025-08-06
cert:sha1:000000000000000000000000000000000000001b,cert,CN=FakeCert27,2024-12-08
cert:sha1:000000000000000000000000000000000000001c,cert,CN=FakeCert28,2024-12-29
cert:sha1:000000000000000000000000000000000000001d,cert,CN=FakeCert29,2025-05-02
cert:sha1:000000000000000000000000000000000000001e,cert,CN=FakeCert30,2025-04-06
cert:sha1:000000000000000000000000000000000000001f,cert,CN=FakeCert31,2025-05-28
cert:sha1:0000000000000000000000000000000000000020,cert,CN=FakeCert32,2025-01-11
cert:sha1:0000000000000000000000000000000000000021,cert,CN=FakeCert33,2024-09-21
cert:sha1:0000000000000000000000000000000000000022,cert,CN=FakeCert34,2024-11-25
cert:sha1:0000000000000000000000000000000000000023,cert,CN=FakeCert35,2024-12-07
cert:sha1:0000000000000000000000000000000000000024,cert,CN=FakeCert36,2024-11-09
cert:sha1:0000000000000000000000000000000000000025,cert,CN=FakeCert37,2025-07-18
cert:sha1:0000000000000000000000000000000000000026,cert,CN=FakeCert38,2025-02-15
cert:sha1:0000000000000000000000000000000000000027,cert,CN=FakeCert39,2024-08-27
cert:sha1:0000000000000000000000000000000000000028,cert,CN=FakeCert40,2024-11-28
cert:sha1:0000000000000000000000000000000000000029,cert,CN=FakeCert41,2024-10-26
cert:sha1:000000000000000000000000000000000000002a,cert,CN=FakeCert42,2025-03-19
cert:sha1:000000000000000000000000000000000000002b,cert,CN=FakeCert43,2024-09-14
cert:sha1:000000000000000000000000000000000000002c,cert,CN=FakeCert44,2024-10-10
cert:sha1:000000000000000000000000000000000000002d,cert,CN=FakeCert45,2025-07-09
cert:sha1:000000000000000000000000000000000000002e,cert,CN=FakeCert46,2025-04-28
cert:sha1:000000000000000000000000000000000000002f,cert,CN=FakeCert47,2024-12-04
cert:sha1:0000000000000000000000000000000000000030,cert,CN=FakeCert48,2025-08-16
cert:sha1:0000000000000000000000000000000000000031,cert,CN=FakeCert49,2025-06-28
cert:sha1:0000000000000000000000000000000000000032,cert,CN=FakeCert50,2025-02-08
cert:sha1:0000000000000000000000000000000000000033,cert,CN=FakeCert51,2025-07-12
cert:sha1:0000000000000000000000000000000000000034,cert,CN=FakeCert52,2024-12-02
cert:sha1:0000000000000000000000000000000000000035,cert,CN=FakeCert53,2025-04-22
cert:sha1:0000000000000000000000000000000000000036,cert,CN=FakeCert54,2024-10-27
cert:sha1:0000000000000000000000000000000000000037,cert,CN=FakeCert55,2025-07-01
cert:sha1:0000000000000000000000000000000000000038,cert,CN=FakeCert56,2025-05-29
cert:sha1:0000000000000000000000000000000000000039,cert,CN=FakeCert57,2025-03-02
cert:sha1:000000000000000000000000000000000000003a,cert,CN=FakeCert58,2024-11-15
cert:sha1:000000000000000000000000000000000000003b,cert,CN=FakeCert59,2025-03-12
cert:sha1:000000000000000000000000000000000000003c,cert,CN=FakeCert60,2025-04-08
cert:sha1:000000000000000000000000000000000000003d,cert,CN=FakeCert61,2025-05-12
cert:sha1:000000000000000000000000000000000000003e,cert,CN=FakeCert62,2024-12-13
cert:sha1:000000000000000000000000000000000000003f,cert,CN=FakeCert63,2024-11-13
cert:sha1:0000000000000000000000000000000000000040,cert,CN=FakeCert64,2025-01-20
cert:sha1:0000000000000000000000000000000000000041,cert,CN=FakeCert65,2024-09-16
cert:sha1:0000000000000000000000000000000000000042,cert,CN=FakeCert66,2025-03-29
cert:sha1:0000000000000000000000000000000000000043,cert,CN=FakeCert67,2025-05-25
cert:sha1:0000000000000000000000000000000000000044,cert,CN=FakeCert68,2024-09-20
cert:sha1:0000000000000000000000000000000000000045,cert,CN=FakeCert69,2024-12-23
cert:sha1:0000000000000000000000000000000000000046,cert,CN=FakeCert70,2024-12-05
cert:sha1:0000000000000000000000000000000000000047,cert,CN=FakeCert71,2025-06-03
cert:sha1:0000000000000000000000000000000000000048,cert,CN=FakeCert72,2025-08-19
cert:sha1:0000000000000000000000000000000000000049,cert,CN=FakeCert73,2024-11-26
cert:sha1:000000000000000000000000000000000000004a,cert,CN=FakeCert74,2024-10-19
cert:sha1:000000000000000000000000000000000000004b,cert,CN=FakeCert75,2024-09-04
cert:sha1:000000000000000000000000000000000000004c,cert,CN=FakeCert76,2024-10-17
cert:sha1:000000000000000000000000000000000000004d,cert,CN=FakeCert77,2024-10-18
cert:sha1:000000000000000000000000000000000000004e,cert,CN=FakeCert78,2025-03-07
cert:sha1:000000000000000000000000000000000000004f,cert,CN=FakeCert79,2025-08-01
cert:sha1:0000000000000000000000000000000000000050,cert,CN=FakeCert80,2025-08-03
cert:sha1:0000000000000000000000000000000000000051,cert,CN=FakeCert81,2025-08-10
cert:sha1:0000000000000000000000000000000000000052,cert,CN=FakeCert82,2025-06-22
cert:sha1:0000000000000000000000000000000000000053,cert,CN=FakeCert83,2025-01-16
cert:sha1:0000000000000000000000000000000000000054,cert,CN=FakeCert84,2025-06-11
cert:sha1:0000000000000000000000000000000000000055,cert,CN=FakeCert85,2025-02-15
cert:sha1:0000000000000000000000000000000000000056,cert,CN=FakeCert86,2025-08-01
cert:sha1:0000000000000000000000000000000000000057,cert,CN=FakeCert87,2024-10-08
cert:sha1:0000000000000000000000000000000000000058,cert,CN=FakeCert88,2025-07-02
cert:sha1:0000000000000000000000000000000000000059,cert,CN=FakeCert89,2024-11-02
cert:sha1:000000000000000000000000000000000000005a,cert,CN=FakeCert90,2024-12-08
cert:sha1:000000000000000000000000000000000000005b,cert,CN=FakeCert91,2025-06-03
cert:sha1:000000000000000000000000000000000000005c,cert,CN=FakeCert92,2024-09-09
cert:sha1:000000000000000000000000000000000000005d,cert,CN=FakeCert93,2024-09-01
cert:sha1:000000000000000000000000000000000000005e,cert,CN=FakeCert94,2024-12-25
cert:sha1:000000000000000000000000000000000000005f,cert,CN=FakeCert95,2025-08-14
cert:sha1:0000000000000000000000000000000000000060,cert,CN=FakeCert96,2025-07-06
cert:sha1:0000000000000000000000000000000000000061,cert,CN=FakeCert97,2025-01-21
cert:sha1:0000000000000000000000000000000000000062,cert,CN=FakeCert98,2024-10-28
cert:sha1:0000000000000000000000000000000000000063,cert,CN=FakeCert99,2025-03-26
cert:sha1:0000000000000000000000000000000000000064,cert,CN=FakeCert100,2025-05-20

